#,User Name,User Email,Submitted Date/Time,
1,Sandra Greer,vmmfk001@domain.edu,"Jun 12 2020, 11:06:47",P1,D
2,Valentine Gallegos,euhev727@domain.edu,"Jun 12 2020, 11:07:38",P1,D
3,Naida Hull,kurar346@domain.edu,"Jun 12 2020, 11:06:26",P1,B
4,Willa Evans,iubpo814@domain.edu,"Jun 12 2020, 11:07:56",P1,D
5,Quail Hammond,bmcnp533@domain.edu,"Jun 12 2020, 11:07:16",P1,A
6,Dale Quinn,ybpdm069@domain.edu,"Jun 12 2020, 11:06:27",P1,A
7,Bertha Hudson,svcdt668@domain.edu,"Jun 12 2020, 11:06:07",P1,B
8,Gil Baird,fdjof790@domain.edu,"Jun 12 2020, 11:08:31",P1,A
9,Veda Hammond,ozvrl013@domain.edu,"Jun 12 2020, 11:07:45",P1,B
10,Laurel Brennan,nrecn133@domain.edu,"Jun 12 2020, 11:06:00",P1,D
11,Cassidy Montgomery,jqzxu603@domain.edu,"Jun 12 2020, 11:08:38",P1,E
12,Adrian Wyatt,tkhly303@domain.edu,"Jun 12 2020, 11:08:34",P1,E
13,Lionel Battle,brhzp819@domain.edu,"Jun 12 2020, 11:06:51",P1,B
14,Hammett Pacheco,bdgjg511@domain.edu,"Jun 12 2020, 11:05:04",P1,C
15,Ariana Pace,gcjwf257@domain.edu,"Jun 12 2020, 11:06:37",P1,C
16,Phelan Horn,pfkrv218@domain.edu,"Jun 12 2020, 11:06:48",P1,D
17,Shoshana Ortiz,irxed886@domain.edu,"Jun 12 2020, 11:07:08",P1,D
18,Ahmed Willis,jgqxz069@domain.edu,"Jun 12 2020, 11:08:41",P1,E
19,Candice Ware,tqtec429@domain.edu,"Jun 12 2020, 11:07:48",P1,C
20,Bell Good,efwbr296@domain.edu,"Jun 12 2020, 11:05:16",P1,C
21,Rhiannon Kaufman,Rhiannon.Kaufman@other.com,"Jun 12 2020, 11:07:46",P1,D
22,Lana Benson,xykow385@domain.edu,"Jun 12 2020, 11:05:35",P1,D
23,Dale Mcleod,zcnvp231@domain.edu,"Jun 12 2020, 11:05:50",P1,C
24,Molly Berger,viaaf832@domain.edu,"Jun 12 2020, 11:07:51",P1,A
25,Alden Ray,favfs371@domain.edu,"Jun 12 2020, 11:08:01",P1,C
26,Maryam Harding,maznd255@domain.edu,"Jun 12 2020, 11:05:00",P1,A
27,Malachi Hull,jpnbd768@domain.edu,"Jun 12 2020, 11:06:12",P1,B
28,Cullen Pickett,oelhu234@domain.edu,"Jun 12 2020, 11:05:21",P1,A
29,Selma Avery,cluii258@domain.edu,"Jun 12 2020, 11:08:49",P1,B
30,Gray King,fyuzb226@domain.edu,"Jun 12 2020, 11:05:51",P1,D
31,Brennan Hart,tixib157@domain.edu,"Jun 12 2020, 11:08:48",P1,A
32,Hadassah Rice,byaci407@domain.edu,"Jun 12 2020, 11:08:14",P1,B
33,Nicole Carrillo,vuird645@domain.edu,"Jun 12 2020, 11:05:06",P1,A
34,Lila Lamb,fwuhy431@domain.edu,"Jun 12 2020, 11:05:14",P1,B
35,Tanek Petersen,doubh223@domain.edu,"Jun 12 2020, 11:08:27",P1,A
36,Urielle Mcbride,qyljf464@domain.edu,"Jun 12 2020, 11:08:40",P1,D
37,Kitra Rivera,sedrn434@domain.edu,"Jun 12 2020, 11:06:55",P1,E
38,Chava Cotton,rjxvt227@domain.edu,"Jun 12 2020, 11:06:21",P1,B
39,Xenos Cardenas,sdtzr427@domain.edu,"Jun 12 2020, 11:08:44",P1,B
40,Ryder Ingram,Ryder.Ingram@other.com,"Jun 12 2020, 11:07:31",P1,C
41,Lynn George,nvdzj823@domain.edu,"Jun 12 2020, 11:07:07",P1,B
42,Whoopi Hayden,kbivm676@domain.edu,"Jun 12 2020, 11:06:13",P1,D
43,Debra Kirk,xtwdk444@domain.edu,"Jun 12 2020, 11:07:10",P1,D
44,Jarrod Peterson,jntka723@domain.edu,"Jun 12 2020, 11:07:31",P1,B
45,Martin Keith,gwlfi631@domain.edu,"Jun 12 2020, 11:07:52",P1,D
46,Guy Jackson,hthyq966@domain.edu,"Jun 12 2020, 11:08:38",P1,B
47,Leah Hurst,srycg488@domain.edu,"Jun 12 2020, 11:07:17",P1,E
48,Sharon Keller,gljfl985@domain.edu,"Jun 12 2020, 11:08:54",P1,B
49,Zelenia Ortega,rcgls778@domain.edu,"Jun 12 2020, 11:05:12",P1,A
50,Bevis Wright,ndult018@domain.edu,"Jun 12 2020, 11:06:00",P1,B
51,Amelia Whitfield,iyhvz364@domain.edu,"Jun 12 2020, 11:06:32",P1,D
52,Prescott Buckner,ntuxc828@domain.edu,"Jun 12 2020, 11:06:48",P1,C
53,Unity Pruitt,cccit268@domain.edu,"Jun 12 2020, 11:08:08",P1,D
54,Cheryl Sanford,fqokd973@domain.edu,"Jun 12 2020, 11:08:34",P1,E
55,Chester Sharp,yqpqs920@domain.edu,"Jun 12 2020, 11:07:59",P1,A
56,Kalia Norton,jjsgn180@domain.edu,"Jun 12 2020, 11:06:41",P1,B
57,Harper Whitaker,aghow116@domain.edu,"Jun 12 2020, 11:07:58",P1,E
58,Stacy Estes,zqnno714@domain.edu,"Jun 12 2020, 11:08:07",P1,B
59,Dorothy Aguilar,esjlf090@domain.edu,"Jun 12 2020, 11:07:30",P1,C
60,Igor Rios,cornh718@domain.edu,"Jun 12 2020, 11:06:25",P1,E
61,Chadwick Conway,jfnio420@domain.edu,"Jun 12 2020, 11:08:47",P1,B
62,Buffy Bruce,yspdy899@domain.edu,"Jun 12 2020, 11:05:05",P1,C
63,Madonna Snow,snbme031@domain.edu,"Jun 12 2020, 11:07:42",P1,A
64,Amir Mccray,arkys795@domain.edu,"Jun 12 2020, 11:05:48",P1,D
65,Grant Calhoun,qwmlj792@domain.edu,"Jun 12 2020, 11:07:14",P1,B
66,Zephania Henson,slxwv011@domain.edu,"Jun 12 2020, 11:06:54",P1,D
67,Geoffrey Hicks,ioxkj220@domain.edu,"Jun 12 2020, 11:07:36",P1,C
68,Blair Peterson,cvewm166@domain.edu,"Jun 12 2020, 11:07:43",P1,C
69,Ina Flores,kagmc103@domain.edu,"Jun 12 2020, 11:08:11",P1,E
70,Paul Jacobs,yzzkv299@domain.edu,"Jun 12 2020, 11:05:10",P1,C
71,Fallon Burt,jtvbc750@domain.edu,"Jun 12 2020, 11:06:33",P1,B
72,Chaney Blair,blrzm467@domain.edu,"Jun 12 2020, 11:07:37",P1,D
73,Tiger Blackwell,jglbs857@domain.edu,"Jun 12 2020, 11:05:25",P1,C
74,Naomi Jefferson,eeqan765@domain.edu,"Jun 12 2020, 11:05:20",P1,B
75,Farrah Berry,lnlru592@domain.edu,"Jun 12 2020, 11:05:50",P1,E
76,Colby Mueller,ascwu599@domain.edu,"Jun 12 2020, 11:07:28",P1,D
77,MacKensie Reeves,jjrej872@domain.edu,"Jun 12 2020, 11:08:19",P1,D
78,Anjolie Mullins,susta510@domain.edu,"Jun 12 2020, 11:07:44",P1,E
79,Hyatt Jackson,ihpyy603@domain.edu,"Jun 12 2020, 11:08:50",P1,C
80,Kristen Pickett,nnahv340@domain.edu,"Jun 12 2020, 11:07:28",P1,B
81,Channing Battle,yfuow387@domain.edu,"Jun 12 2020, 11:07:50",P1,E
82,Ashely Dotson,xuzhz736@domain.edu,"Jun 12 2020, 11:06:06",P1,D
83,Quinlan Slater,oflii853@domain.edu,"Jun 12 2020, 11:05:31",P1,E
84,Elton Dickson,hvlji311@domain.edu,"Jun 12 2020, 11:05:57",P1,D
85,Maile Dickson,Maile.Dickson@other.com,"Jun 12 2020, 11:06:31",P1,B
86,Reese Fitzpatrick,xsslq184@domain.edu,"Jun 12 2020, 11:08:23",P1,C
87,Cally Mcconnell,ialla582@domain.edu,"Jun 12 2020, 11:07:01",P1,C
88,Vivian Erickson,nzxvm995@domain.edu,"Jun 12 2020, 11:08:06",P1,D
89,Alden Nolan,iomdt167@domain.edu,"Jun 12 2020, 11:05:56",P1,A
90,Cedric Duke,Cedric.Duke@other.com,"Jun 12 2020, 11:07:57",P1,A
91,Jocelyn Jacobs,jcswl460@domain.edu,"Jun 12 2020, 11:06:19",P1,E
92,Emmanuel Armstrong,rsvhr314@domain.edu,"Jun 12 2020, 11:07:32",P1,C
93,Imogene Moss,zjpgy913@domain.edu,"Jun 12 2020, 11:05:16",P1,E
94,Zeus Fleming,ojvcb253@domain.edu,"Jun 12 2020, 11:07:04",P1,B
95,Merritt Whitley,uxacm563@domain.edu,"Jun 12 2020, 11:06:31",P1,A
96,Sharon Finley,ogrrf764@domain.edu,"Jun 12 2020, 11:07:04",P1,E
97,Sawyer Beard,teeti436@domain.edu,"Jun 12 2020, 11:05:23",P1,E
98,Pascale Warren,mjoip200@domain.edu,"Jun 12 2020, 11:08:36",P1,A
99,Galvin Duffy,ucgim217@domain.edu,"Jun 12 2020, 11:06:39",P1,D
100,Sandra Greer,vmmfk001@domain.edu,"Jun 12 2020, 11:17:45",P2,B
101,Valentine Gallegos,euhev727@domain.edu,"Jun 12 2020, 11:18:24",P2,C
102,Naida Hull,kurar346@domain.edu,"Jun 12 2020, 11:17:06",P2,E
103,Willa Evans,iubpo814@domain.edu,"Jun 12 2020, 11:17:29",P2,D
104,Quail Hammond,bmcnp533@domain.edu,"Jun 12 2020, 11:15:29",P2,A
105,Dale Quinn,ybpdm069@domain.edu,"Jun 12 2020, 11:18:28",P2,E
106,Bertha Hudson,svcdt668@domain.edu,"Jun 12 2020, 11:18:34",P2,A
107,Gil Baird,fdjof790@domain.edu,"Jun 12 2020, 11:15:40",P2,C
108,Veda Hammond,ozvrl013@domain.edu,"Jun 12 2020, 11:16:51",P2,A
109,Laurel Brennan,nrecn133@domain.edu,"Jun 12 2020, 11:18:28",P2,B
110,Cassidy Montgomery,jqzxu603@domain.edu,"Jun 12 2020, 11:16:06",P2,B
111,Adrian Wyatt,tkhly303@domain.edu,"Jun 12 2020, 11:16:15",P2,D
112,Lionel Battle,brhzp819@domain.edu,"Jun 12 2020, 11:18:23",P2,A
113,Hammett Pacheco,bdgjg511@domain.edu,"Jun 12 2020, 11:16:40",P2,B
114,Ariana Pace,gcjwf257@domain.edu,"Jun 12 2020, 11:15:31",P2,E
115,Phelan Horn,pfkrv218@domain.edu,"Jun 12 2020, 11:16:07",P2,D
116,Shoshana Ortiz,irxed886@domain.edu,"Jun 12 2020, 11:17:56",P2,B
117,Ahmed Willis,jgqxz069@domain.edu,"Jun 12 2020, 11:16:03",P2,C
118,Candice Ware,tqtec429@domain.edu,"Jun 12 2020, 11:16:03",P2,B
119,Bell Good,efwbr296@domain.edu,"Jun 12 2020, 11:15:14",P2,A
120,Rhiannon Kaufman,Rhiannon.Kaufman@other.com,"Jun 12 2020, 11:15:25",P2,D
121,Lana Benson,xykow385@domain.edu,"Jun 12 2020, 11:16:45",P2,C
122,Dale Mcleod,zcnvp231@domain.edu,"Jun 12 2020, 11:17:50",P2,D
123,Molly Berger,viaaf832@domain.edu,"Jun 12 2020, 11:18:12",P2,B
124,Alden Ray,favfs371@domain.edu,"Jun 12 2020, 11:15:48",P2,E
125,Maryam Harding,maznd255@domain.edu,"Jun 12 2020, 11:18:32",P2,D
126,Malachi Hull,jpnbd768@domain.edu,"Jun 12 2020, 11:16:07",P2,D
127,Cullen Pickett,oelhu234@domain.edu,"Jun 12 2020, 11:15:15",P2,D
128,Selma Avery,cluii258@domain.edu,"Jun 12 2020, 11:15:26",P2,C
129,Gray King,fyuzb226@domain.edu,"Jun 12 2020, 11:16:22",P2,D
130,Brennan Hart,tixib157@domain.edu,"Jun 12 2020, 11:15:19",P2,C
131,Hadassah Rice,byaci407@domain.edu,"Jun 12 2020, 11:17:17",P2,C
132,Nicole Carrillo,vuird645@domain.edu,"Jun 12 2020, 11:16:51",P2,B
133,Lila Lamb,fwuhy431@domain.edu,"Jun 12 2020, 11:15:22",P2,B
134,Tanek Petersen,doubh223@domain.edu,"Jun 12 2020, 11:18:52",P2,E
135,Urielle Mcbride,qyljf464@domain.edu,"Jun 12 2020, 11:17:53",P2,C
136,Kitra Rivera,sedrn434@domain.edu,"Jun 12 2020, 11:15:10",P2,A
137,Chava Cotton,rjxvt227@domain.edu,"Jun 12 2020, 11:18:07",P2,D
138,Xenos Cardenas,sdtzr427@domain.edu,"Jun 12 2020, 11:17:53",P2,A
139,Ryder Ingram,Ryder.Ingram@other.com,"Jun 12 2020, 11:15:18",P2,C
140,Lynn George,nvdzj823@domain.edu,"Jun 12 2020, 11:16:45",P2,C
141,Whoopi Hayden,kbivm676@domain.edu,"Jun 12 2020, 11:15:10",P2,E
142,Debra Kirk,xtwdk444@domain.edu,"Jun 12 2020, 11:18:13",P2,E
143,Cailin Carson,trrbr654@domain.edu,"Jun 12 2020, 11:16:55",P2,E
144,Jarrod Peterson,jntka723@domain.edu,"Jun 12 2020, 11:15:16",P2,C
145,Martin Keith,gwlfi631@domain.edu,"Jun 12 2020, 11:16:54",P2,B
146,Guy Jackson,hthyq966@domain.edu,"Jun 12 2020, 11:15:58",P2,A
147,Leah Hurst,srycg488@domain.edu,"Jun 12 2020, 11:15:50",P2,E
148,Sharon Keller,gljfl985@domain.edu,"Jun 12 2020, 11:15:53",P2,A
149,Zelenia Ortega,rcgls778@domain.edu,"Jun 12 2020, 11:18:21",P2,B
150,Bevis Wright,ndult018@domain.edu,"Jun 12 2020, 11:16:17",P2,B
151,Amelia Whitfield,iyhvz364@domain.edu,"Jun 12 2020, 11:17:50",P2,D
152,Prescott Buckner,ntuxc828@domain.edu,"Jun 12 2020, 11:15:00",P2,D
153,Unity Pruitt,cccit268@domain.edu,"Jun 12 2020, 11:16:10",P2,B
154,Cheryl Sanford,fqokd973@domain.edu,"Jun 12 2020, 11:18:34",P2,D
155,Chester Sharp,yqpqs920@domain.edu,"Jun 12 2020, 11:17:01",P2,B
156,Kalia Norton,jjsgn180@domain.edu,"Jun 12 2020, 11:16:42",P2,D
157,Harper Whitaker,aghow116@domain.edu,"Jun 12 2020, 11:17:00",P2,A
158,Stacy Estes,zqnno714@domain.edu,"Jun 12 2020, 11:17:24",P2,C
159,Dorothy Aguilar,esjlf090@domain.edu,"Jun 12 2020, 11:16:15",P2,E
160,Igor Rios,cornh718@domain.edu,"Jun 12 2020, 11:17:41",P2,D
161,Chadwick Conway,jfnio420@domain.edu,"Jun 12 2020, 11:17:58",P2,A
162,Madonna Snow,snbme031@domain.edu,"Jun 12 2020, 11:17:17",P2,E
163,Amir Mccray,arkys795@domain.edu,"Jun 12 2020, 11:16:46",P2,E
164,Grant Calhoun,qwmlj792@domain.edu,"Jun 12 2020, 11:16:04",P2,A
165,Zephania Henson,slxwv011@domain.edu,"Jun 12 2020, 11:18:27",P2,C
166,Geoffrey Hicks,ioxkj220@domain.edu,"Jun 12 2020, 11:16:51",P2,A
167,Blair Peterson,cvewm166@domain.edu,"Jun 12 2020, 11:17:15",P2,E
168,Ina Flores,kagmc103@domain.edu,"Jun 12 2020, 11:15:03",P2,C
169,Paul Jacobs,yzzkv299@domain.edu,"Jun 12 2020, 11:16:08",P2,B
170,Fallon Burt,jtvbc750@domain.edu,"Jun 12 2020, 11:18:07",P2,D
171,Chaney Blair,blrzm467@domain.edu,"Jun 12 2020, 11:18:35",P2,C
172,Tiger Blackwell,jglbs857@domain.edu,"Jun 12 2020, 11:17:04",P2,D
173,Naomi Jefferson,eeqan765@domain.edu,"Jun 12 2020, 11:18:07",P2,A
174,Farrah Berry,lnlru592@domain.edu,"Jun 12 2020, 11:18:18",P2,E
175,Colby Mueller,ascwu599@domain.edu,"Jun 12 2020, 11:15:08",P2,C
176,MacKensie Reeves,jjrej872@domain.edu,"Jun 12 2020, 11:17:08",P2,B
177,Anjolie Mullins,susta510@domain.edu,"Jun 12 2020, 11:16:16",P2,D
178,Hyatt Jackson,ihpyy603@domain.edu,"Jun 12 2020, 11:18:50",P2,B
179,Kristen Pickett,nnahv340@domain.edu,"Jun 12 2020, 11:17:01",P2,C
180,Channing Battle,yfuow387@domain.edu,"Jun 12 2020, 11:17:19",P2,C
181,Ashely Dotson,xuzhz736@domain.edu,"Jun 12 2020, 11:16:02",P2,E
182,Quinlan Slater,oflii853@domain.edu,"Jun 12 2020, 11:17:09",P2,E
183,Elton Dickson,hvlji311@domain.edu,"Jun 12 2020, 11:17:43",P2,B
184,Maile Dickson,Maile.Dickson@other.com,"Jun 12 2020, 11:15:35",P2,B
185,Reese Fitzpatrick,xsslq184@domain.edu,"Jun 12 2020, 11:18:03",P2,D
186,Cally Mcconnell,ialla582@domain.edu,"Jun 12 2020, 11:16:28",P2,D
187,Vivian Erickson,nzxvm995@domain.edu,"Jun 12 2020, 11:16:10",P2,E
188,Alden Nolan,iomdt167@domain.edu,"Jun 12 2020, 11:17:43",P2,E
189,Cedric Duke,Cedric.Duke@other.com,"Jun 12 2020, 11:15:48",P2,D
190,Jocelyn Jacobs,jcswl460@domain.edu,"Jun 12 2020, 11:17:36",P2,E
191,Emmanuel Armstrong,rsvhr314@domain.edu,"Jun 12 2020, 11:15:57",P2,B
192,Imogene Moss,zjpgy913@domain.edu,"Jun 12 2020, 11:15:04",P2,E
193,Zeus Fleming,ojvcb253@domain.edu,"Jun 12 2020, 11:18:33",P2,E
194,Merritt Whitley,uxacm563@domain.edu,"Jun 12 2020, 11:18:03",P2,C
195,Sharon Finley,ogrrf764@domain.edu,"Jun 12 2020, 11:16:25",P2,D
196,Sawyer Beard,teeti436@domain.edu,"Jun 12 2020, 11:18:47",P2,A
197,Pascale Warren,mjoip200@domain.edu,"Jun 12 2020, 11:18:03",P2,C
198,Galvin Duffy,ucgim217@domain.edu,"Jun 12 2020, 11:17:58",P2,D
199,Sandra Greer,vmmfk001@domain.edu,"Jun 12 2020, 11:21:11",P3,E
200,Valentine Gallegos,euhev727@domain.edu,"Jun 12 2020, 11:20:49",P3,C
201,Naida Hull,kurar346@domain.edu,"Jun 12 2020, 11:23:26",P3,E
202,Willa Evans,iubpo814@domain.edu,"Jun 12 2020, 11:21:46",P3,C
203,Quail Hammond,bmcnp533@domain.edu,"Jun 12 2020, 11:23:17",P3,C
204,Dale Quinn,ybpdm069@domain.edu,"Jun 12 2020, 11:23:55",P3,C
205,Bertha Hudson,svcdt668@domain.edu,"Jun 12 2020, 11:23:03",P3,E
206,Gil Baird,fdjof790@domain.edu,"Jun 12 2020, 11:22:28",P3,C
207,Veda Hammond,ozvrl013@domain.edu,"Jun 12 2020, 11:22:29",P3,B
208,Laurel Brennan,nrecn133@domain.edu,"Jun 12 2020, 11:23:34",P3,B
209,Cassidy Montgomery,jqzxu603@domain.edu,"Jun 12 2020, 11:22:05",P3,C
210,Adrian Wyatt,tkhly303@domain.edu,"Jun 12 2020, 11:21:21",P3,A
211,Lionel Battle,brhzp819@domain.edu,"Jun 12 2020, 11:21:47",P3,E
212,Hammett Pacheco,bdgjg511@domain.edu,"Jun 12 2020, 11:22:19",P3,C
213,Ariana Pace,gcjwf257@domain.edu,"Jun 12 2020, 11:22:34",P3,D
214,Shoshana Ortiz,irxed886@domain.edu,"Jun 12 2020, 11:20:53",P3,A
215,Ahmed Willis,jgqxz069@domain.edu,"Jun 12 2020, 11:20:09",P3,A
216,Candice Ware,tqtec429@domain.edu,"Jun 12 2020, 11:22:22",P3,D
217,Bell Good,efwbr296@domain.edu,"Jun 12 2020, 11:20:28",P3,C
218,Rhiannon Kaufman,Rhiannon.Kaufman@other.com,"Jun 12 2020, 11:20:13",P3,A
219,Lana Benson,xykow385@domain.edu,"Jun 12 2020, 11:20:35",P3,D
220,Dale Mcleod,zcnvp231@domain.edu,"Jun 12 2020, 11:23:27",P3,C
221,Molly Berger,viaaf832@domain.edu,"Jun 12 2020, 11:23:41",P3,B
222,Alden Ray,favfs371@domain.edu,"Jun 12 2020, 11:21:47",P3,C
223,Maryam Harding,maznd255@domain.edu,"Jun 12 2020, 11:23:32",P3,B
224,Malachi Hull,jpnbd768@domain.edu,"Jun 12 2020, 11:20:26",P3,A
225,Cullen Pickett,oelhu234@domain.edu,"Jun 12 2020, 11:23:48",P3,A
226,Selma Avery,cluii258@domain.edu,"Jun 12 2020, 11:21:32",P3,D
227,Gray King,fyuzb226@domain.edu,"Jun 12 2020, 11:22:43",P3,D
228,Brennan Hart,tixib157@domain.edu,"Jun 12 2020, 11:22:36",P3,D
229,Hadassah Rice,byaci407@domain.edu,"Jun 12 2020, 11:22:02",P3,D
230,Nicole Carrillo,vuird645@domain.edu,"Jun 12 2020, 11:20:25",P3,C
231,Lila Lamb,fwuhy431@domain.edu,"Jun 12 2020, 11:22:14",P3,D
232,Tanek Petersen,doubh223@domain.edu,"Jun 12 2020, 11:23:52",P3,B
233,Urielle Mcbride,qyljf464@domain.edu,"Jun 12 2020, 11:22:38",P3,A
234,Kitra Rivera,sedrn434@domain.edu,"Jun 12 2020, 11:23:03",P3,A
235,Chava Cotton,rjxvt227@domain.edu,"Jun 12 2020, 11:22:12",P3,B
236,Xenos Cardenas,sdtzr427@domain.edu,"Jun 12 2020, 11:20:33",P3,C
237,Ryder Ingram,Ryder.Ingram@other.com,"Jun 12 2020, 11:23:13",P3,A
238,Lynn George,nvdzj823@domain.edu,"Jun 12 2020, 11:22:45",P3,A
239,Whoopi Hayden,kbivm676@domain.edu,"Jun 12 2020, 11:23:44",P3,B
240,Debra Kirk,xtwdk444@domain.edu,"Jun 12 2020, 11:21:58",P3,C
241,Cailin Carson,trrbr654@domain.edu,"Jun 12 2020, 11:21:16",P3,E
242,Jarrod Peterson,jntka723@domain.edu,"Jun 12 2020, 11:20:50",P3,A
243,Martin Keith,gwlfi631@domain.edu,"Jun 12 2020, 11:21:13",P3,E
244,Guy Jackson,hthyq966@domain.edu,"Jun 12 2020, 11:21:53",P3,B
245,Leah Hurst,srycg488@domain.edu,"Jun 12 2020, 11:20:14",P3,E
246,Sharon Keller,gljfl985@domain.edu,"Jun 12 2020, 11:22:57",P3,B
247,Zelenia Ortega,rcgls778@domain.edu,"Jun 12 2020, 11:22:14",P3,B
248,Bevis Wright,ndult018@domain.edu,"Jun 12 2020, 11:22:31",P3,E
249,Amelia Whitfield,iyhvz364@domain.edu,"Jun 12 2020, 11:23:31",P3,C
250,Prescott Buckner,ntuxc828@domain.edu,"Jun 12 2020, 11:23:00",P3,A
251,Unity Pruitt,cccit268@domain.edu,"Jun 12 2020, 11:20:06",P3,E
252,Cheryl Sanford,fqokd973@domain.edu,"Jun 12 2020, 11:23:42",P3,D
253,Chester Sharp,yqpqs920@domain.edu,"Jun 12 2020, 11:22:00",P3,C
254,Kalia Norton,jjsgn180@domain.edu,"Jun 12 2020, 11:21:35",P3,E
255,Harper Whitaker,aghow116@domain.edu,"Jun 12 2020, 11:23:12",P3,D
256,Stacy Estes,zqnno714@domain.edu,"Jun 12 2020, 11:21:42",P3,E
257,Dorothy Aguilar,esjlf090@domain.edu,"Jun 12 2020, 11:21:06",P3,D
258,Igor Rios,cornh718@domain.edu,"Jun 12 2020, 11:22:21",P3,B
259,Chadwick Conway,jfnio420@domain.edu,"Jun 12 2020, 11:23:43",P3,E
260,Buffy Bruce,yspdy899@domain.edu,"Jun 12 2020, 11:20:02",P3,A
261,Madonna Snow,snbme031@domain.edu,"Jun 12 2020, 11:20:06",P3,B
262,Amir Mccray,arkys795@domain.edu,"Jun 12 2020, 11:21:16",P3,C
263,Grant Calhoun,qwmlj792@domain.edu,"Jun 12 2020, 11:22:31",P3,A
264,Zephania Henson,slxwv011@domain.edu,"Jun 12 2020, 11:20:18",P3,D
265,Geoffrey Hicks,ioxkj220@domain.edu,"Jun 12 2020, 11:20:12",P3,B
266,Blair Peterson,cvewm166@domain.edu,"Jun 12 2020, 11:22:02",P3,E
267,Ina Flores,kagmc103@domain.edu,"Jun 12 2020, 11:20:58",P3,D
268,Paul Jacobs,yzzkv299@domain.edu,"Jun 12 2020, 11:23:29",P3,C
269,Fallon Burt,jtvbc750@domain.edu,"Jun 12 2020, 11:22:58",P3,C
270,Chaney Blair,blrzm467@domain.edu,"Jun 12 2020, 11:20:32",P3,E
271,Tiger Blackwell,jglbs857@domain.edu,"Jun 12 2020, 11:23:45",P3,A
272,Naomi Jefferson,eeqan765@domain.edu,"Jun 12 2020, 11:23:48",P3,E
273,Farrah Berry,lnlru592@domain.edu,"Jun 12 2020, 11:21:51",P3,D
274,Colby Mueller,ascwu599@domain.edu,"Jun 12 2020, 11:22:33",P3,B
275,MacKensie Reeves,jjrej872@domain.edu,"Jun 12 2020, 11:23:41",P3,C
276,Anjolie Mullins,susta510@domain.edu,"Jun 12 2020, 11:21:05",P3,E
277,Hyatt Jackson,ihpyy603@domain.edu,"Jun 12 2020, 11:21:21",P3,A
278,Kristen Pickett,nnahv340@domain.edu,"Jun 12 2020, 11:23:00",P3,D
279,Channing Battle,yfuow387@domain.edu,"Jun 12 2020, 11:23:33",P3,C
280,Ashely Dotson,xuzhz736@domain.edu,"Jun 12 2020, 11:20:34",P3,E
281,Quinlan Slater,oflii853@domain.edu,"Jun 12 2020, 11:20:48",P3,B
282,Elton Dickson,hvlji311@domain.edu,"Jun 12 2020, 11:22:49",P3,C
283,Maile Dickson,Maile.Dickson@other.com,"Jun 12 2020, 11:21:44",P3,D
284,Reese Fitzpatrick,xsslq184@domain.edu,"Jun 12 2020, 11:21:20",P3,D
285,Cally Mcconnell,ialla582@domain.edu,"Jun 12 2020, 11:22:55",P3,C
286,Vivian Erickson,nzxvm995@domain.edu,"Jun 12 2020, 11:20:46",P3,D
287,Alden Nolan,iomdt167@domain.edu,"Jun 12 2020, 11:23:25",P3,C
288,Cedric Duke,Cedric.Duke@other.com,"Jun 12 2020, 11:23:21",P3,B
289,Jocelyn Jacobs,jcswl460@domain.edu,"Jun 12 2020, 11:22:47",P3,C
290,Emmanuel Armstrong,rsvhr314@domain.edu,"Jun 12 2020, 11:22:37",P3,E
291,Imogene Moss,zjpgy913@domain.edu,"Jun 12 2020, 11:23:37",P3,C
292,Zeus Fleming,ojvcb253@domain.edu,"Jun 12 2020, 11:20:12",P3,B
293,Merritt Whitley,uxacm563@domain.edu,"Jun 12 2020, 11:21:47",P3,B
294,Sharon Finley,ogrrf764@domain.edu,"Jun 12 2020, 11:20:17",P3,C
295,Sawyer Beard,teeti436@domain.edu,"Jun 12 2020, 11:20:22",P3,D
296,Pascale Warren,mjoip200@domain.edu,"Jun 12 2020, 11:23:19",P3,D
297,Galvin Duffy,ucgim217@domain.edu,"Jun 12 2020, 11:23:02",P3,D
298,Sandra Greer,vmmfk001@domain.edu,"Jun 12 2020, 11:28:14",P4,B
299,Valentine Gallegos,euhev727@domain.edu,"Jun 12 2020, 11:27:10",P4,E
300,Naida Hull,kurar346@domain.edu,"Jun 12 2020, 11:27:22",P4,B
301,Willa Evans,iubpo814@domain.edu,"Jun 12 2020, 11:28:35",P4,D
302,Quail Hammond,bmcnp533@domain.edu,"Jun 12 2020, 11:26:32",P4,D
303,Dale Quinn,ybpdm069@domain.edu,"Jun 12 2020, 11:27:53",P4,E
304,Bertha Hudson,svcdt668@domain.edu,"Jun 12 2020, 11:26:16",P4,E
305,Gil Baird,fdjof790@domain.edu,"Jun 12 2020, 11:27:04",P4,D
306,Veda Hammond,ozvrl013@domain.edu,"Jun 12 2020, 11:26:49",P4,E
307,Laurel Brennan,nrecn133@domain.edu,"Jun 12 2020, 11:25:45",P4,C
308,Cassidy Montgomery,jqzxu603@domain.edu,"Jun 12 2020, 11:26:29",P4,E
309,Adrian Wyatt,tkhly303@domain.edu,"Jun 12 2020, 11:25:46",P4,E
310,Lionel Battle,brhzp819@domain.edu,"Jun 12 2020, 11:26:32",P4,A
311,Hammett Pacheco,bdgjg511@domain.edu,"Jun 12 2020, 11:25:02",P4,C
312,Ariana Pace,gcjwf257@domain.edu,"Jun 12 2020, 11:27:09",P4,C
313,Phelan Horn,pfkrv218@domain.edu,"Jun 12 2020, 11:28:56",P4,D
314,Shoshana Ortiz,irxed886@domain.edu,"Jun 12 2020, 11:28:47",P4,A
315,Ahmed Willis,jgqxz069@domain.edu,"Jun 12 2020, 11:27:23",P4,C
316,Candice Ware,tqtec429@domain.edu,"Jun 12 2020, 11:28:39",P4,E
317,Bell Good,efwbr296@domain.edu,"Jun 12 2020, 11:26:40",P4,D
318,Rhiannon Kaufman,Rhiannon.Kaufman@other.com,"Jun 12 2020, 11:25:43",P4,E
319,Lana Benson,xykow385@domain.edu,"Jun 12 2020, 11:28:28",P4,C
320,Dale Mcleod,zcnvp231@domain.edu,"Jun 12 2020, 11:27:26",P4,E
321,Molly Berger,viaaf832@domain.edu,"Jun 12 2020, 11:25:06",P4,D
322,Alden Ray,favfs371@domain.edu,"Jun 12 2020, 11:27:48",P4,D
323,Maryam Harding,maznd255@domain.edu,"Jun 12 2020, 11:26:09",P4,D
324,Malachi Hull,jpnbd768@domain.edu,"Jun 12 2020, 11:26:40",P4,C
325,Cullen Pickett,oelhu234@domain.edu,"Jun 12 2020, 11:26:58",P4,B
326,Selma Avery,cluii258@domain.edu,"Jun 12 2020, 11:27:47",P4,C
327,Gray King,fyuzb226@domain.edu,"Jun 12 2020, 11:27:45",P4,D
328,Brennan Hart,tixib157@domain.edu,"Jun 12 2020, 11:25:46",P4,B
329,Hadassah Rice,byaci407@domain.edu,"Jun 12 2020, 11:26:09",P4,D
330,Nicole Carrillo,vuird645@domain.edu,"Jun 12 2020, 11:26:49",P4,C
331,Lila Lamb,fwuhy431@domain.edu,"Jun 12 2020, 11:25:28",P4,C
332,Tanek Petersen,doubh223@domain.edu,"Jun 12 2020, 11:25:26",P4,B
333,Urielle Mcbride,qyljf464@domain.edu,"Jun 12 2020, 11:28:46",P4,C
334,Kitra Rivera,sedrn434@domain.edu,"Jun 12 2020, 11:25:33",P4,E
335,Chava Cotton,rjxvt227@domain.edu,"Jun 12 2020, 11:26:24",P4,E
336,Xenos Cardenas,sdtzr427@domain.edu,"Jun 12 2020, 11:28:19",P4,D
337,Ryder Ingram,Ryder.Ingram@other.com,"Jun 12 2020, 11:28:14",P4,B
338,Lynn George,nvdzj823@domain.edu,"Jun 12 2020, 11:26:40",P4,A
339,Whoopi Hayden,kbivm676@domain.edu,"Jun 12 2020, 11:27:22",P4,E
340,Debra Kirk,xtwdk444@domain.edu,"Jun 12 2020, 11:26:14",P4,C
341,Cailin Carson,trrbr654@domain.edu,"Jun 12 2020, 11:25:55",P4,D
342,Jarrod Peterson,jntka723@domain.edu,"Jun 12 2020, 11:25:44",P4,C
343,Martin Keith,gwlfi631@domain.edu,"Jun 12 2020, 11:27:47",P4,D
344,Guy Jackson,hthyq966@domain.edu,"Jun 12 2020, 11:27:12",P4,C
345,Leah Hurst,srycg488@domain.edu,"Jun 12 2020, 11:27:34",P4,E
346,Sharon Keller,gljfl985@domain.edu,"Jun 12 2020, 11:26:50",P4,B
347,Zelenia Ortega,rcgls778@domain.edu,"Jun 12 2020, 11:26:21",P4,D
348,Bevis Wright,ndult018@domain.edu,"Jun 12 2020, 11:28:06",P4,D
349,Amelia Whitfield,iyhvz364@domain.edu,"Jun 12 2020, 11:25:35",P4,E
350,Prescott Buckner,ntuxc828@domain.edu,"Jun 12 2020, 11:28:37",P4,B
351,Unity Pruitt,cccit268@domain.edu,"Jun 12 2020, 11:28:53",P4,B
352,Cheryl Sanford,fqokd973@domain.edu,"Jun 12 2020, 11:28:19",P4,C
353,Chester Sharp,yqpqs920@domain.edu,"Jun 12 2020, 11:25:46",P4,A
354,Kalia Norton,jjsgn180@domain.edu,"Jun 12 2020, 11:28:00",P4,C
355,Harper Whitaker,aghow116@domain.edu,"Jun 12 2020, 11:25:55",P4,D
356,Stacy Estes,zqnno714@domain.edu,"Jun 12 2020, 11:27:47",P4,B
357,Dorothy Aguilar,esjlf090@domain.edu,"Jun 12 2020, 11:26:55",P4,C
358,Igor Rios,cornh718@domain.edu,"Jun 12 2020, 11:28:03",P4,E
359,Chadwick Conway,jfnio420@domain.edu,"Jun 12 2020, 11:27:30",P4,A
360,Buffy Bruce,yspdy899@domain.edu,"Jun 12 2020, 11:28:25",P4,D
361,Madonna Snow,snbme031@domain.edu,"Jun 12 2020, 11:27:12",P4,E
362,Amir Mccray,arkys795@domain.edu,"Jun 12 2020, 11:26:20",P4,B
363,Grant Calhoun,qwmlj792@domain.edu,"Jun 12 2020, 11:26:25",P4,D
364,Zephania Henson,slxwv011@domain.edu,"Jun 12 2020, 11:28:27",P4,A
365,Geoffrey Hicks,ioxkj220@domain.edu,"Jun 12 2020, 11:25:34",P4,B
366,Blair Peterson,cvewm166@domain.edu,"Jun 12 2020, 11:25:59",P4,D
367,Ina Flores,kagmc103@domain.edu,"Jun 12 2020, 11:25:45",P4,C
368,Paul Jacobs,yzzkv299@domain.edu,"Jun 12 2020, 11:27:10",P4,D
369,Fallon Burt,jtvbc750@domain.edu,"Jun 12 2020, 11:27:02",P4,E
370,Chaney Blair,blrzm467@domain.edu,"Jun 12 2020, 11:27:07",P4,A
371,Tiger Blackwell,jglbs857@domain.edu,"Jun 12 2020, 11:27:44",P4,C
372,Naomi Jefferson,eeqan765@domain.edu,"Jun 12 2020, 11:27:30",P4,B
373,Farrah Berry,lnlru592@domain.edu,"Jun 12 2020, 11:27:17",P4,D
374,Colby Mueller,ascwu599@domain.edu,"Jun 12 2020, 11:26:50",P4,D
375,MacKensie Reeves,jjrej872@domain.edu,"Jun 12 2020, 11:25:54",P4,C
376,Anjolie Mullins,susta510@domain.edu,"Jun 12 2020, 11:27:21",P4,E
377,Hyatt Jackson,ihpyy603@domain.edu,"Jun 12 2020, 11:25:40",P4,B
378,Kristen Pickett,nnahv340@domain.edu,"Jun 12 2020, 11:26:08",P4,A
379,Channing Battle,yfuow387@domain.edu,"Jun 12 2020, 11:28:40",P4,B
380,Ashely Dotson,xuzhz736@domain.edu,"Jun 12 2020, 11:25:06",P4,B
381,Quinlan Slater,oflii853@domain.edu,"Jun 12 2020, 11:28:41",P4,C
382,Elton Dickson,hvlji311@domain.edu,"Jun 12 2020, 11:26:43",P4,D
383,Maile Dickson,Maile.Dickson@other.com,"Jun 12 2020, 11:27:06",P4,A
384,Reese Fitzpatrick,xsslq184@domain.edu,"Jun 12 2020, 11:27:26",P4,E
385,Cally Mcconnell,ialla582@domain.edu,"Jun 12 2020, 11:27:27",P4,D
386,Vivian Erickson,nzxvm995@domain.edu,"Jun 12 2020, 11:28:04",P4,D
387,Alden Nolan,iomdt167@domain.edu,"Jun 12 2020, 11:27:57",P4,B
388,Cedric Duke,Cedric.Duke@other.com,"Jun 12 2020, 11:25:14",P4,E
389,Jocelyn Jacobs,jcswl460@domain.edu,"Jun 12 2020, 11:27:58",P4,A
390,Emmanuel Armstrong,rsvhr314@domain.edu,"Jun 12 2020, 11:27:43",P4,B
391,Imogene Moss,zjpgy913@domain.edu,"Jun 12 2020, 11:25:18",P4,B
392,Zeus Fleming,ojvcb253@domain.edu,"Jun 12 2020, 11:28:15",P4,B
393,Merritt Whitley,uxacm563@domain.edu,"Jun 12 2020, 11:26:06",P4,B
394,Sharon Finley,ogrrf764@domain.edu,"Jun 12 2020, 11:28:54",P4,C
395,Sawyer Beard,teeti436@domain.edu,"Jun 12 2020, 11:27:15",P4,A
396,Pascale Warren,mjoip200@domain.edu,"Jun 12 2020, 11:28:38",P4,D
397,Galvin Duffy,ucgim217@domain.edu,"Jun 12 2020, 11:27:46",P4,D
398,Sandra Greer,vmmfk001@domain.edu,"Jun 15 2020, 14:38:03",P1,D
399,Valentine Gallegos,euhev727@domain.edu,"Jun 15 2020, 14:35:40",P1,C
400,Naida Hull,kurar346@domain.edu,"Jun 15 2020, 14:35:52",P1,E
401,Willa Evans,iubpo814@domain.edu,"Jun 15 2020, 14:37:22",P1,C
402,Quail Hammond,bmcnp533@domain.edu,"Jun 15 2020, 14:35:45",P1,A
403,Dale Quinn,ybpdm069@domain.edu,"Jun 15 2020, 14:36:46",P1,A
404,Bertha Hudson,svcdt668@domain.edu,"Jun 15 2020, 14:37:42",P1,A
405,Gil Baird,fdjof790@domain.edu,"Jun 15 2020, 14:38:44",P1,E
406,Veda Hammond,ozvrl013@domain.edu,"Jun 15 2020, 14:37:07",P1,A
407,Laurel Brennan,nrecn133@domain.edu,"Jun 15 2020, 14:38:22",P1,E
408,Cassidy Montgomery,jqzxu603@domain.edu,"Jun 15 2020, 14:37:11",P1,A
409,Adrian Wyatt,tkhly303@domain.edu,"Jun 15 2020, 14:37:41",P1,A
410,Lionel Battle,brhzp819@domain.edu,"Jun 15 2020, 14:38:07",P1,A
411,Hammett Pacheco,bdgjg511@domain.edu,"Jun 15 2020, 14:37:37",P1,C
412,Ariana Pace,gcjwf257@domain.edu,"Jun 15 2020, 14:36:22",P1,E
413,Shoshana Ortiz,irxed886@domain.edu,"Jun 15 2020, 14:37:33",P1,B
414,Ahmed Willis,jgqxz069@domain.edu,"Jun 15 2020, 14:35:17",P1,D
415,Candice Ware,tqtec429@domain.edu,"Jun 15 2020, 14:36:20",P1,D
416,Bell Good,efwbr296@domain.edu,"Jun 15 2020, 14:38:47",P1,D
417,Rhiannon Kaufman,Rhiannon.Kaufman@other.com,"Jun 15 2020, 14:38:07",P1,D
418,Lana Benson,xykow385@domain.edu,"Jun 15 2020, 14:35:05",P1,C
419,Dale Mcleod,zcnvp231@domain.edu,"Jun 15 2020, 14:37:26",P1,C
420,Molly Berger,viaaf832@domain.edu,"Jun 15 2020, 14:35:23",P1,B
421,Alden Ray,favfs371@domain.edu,"Jun 15 2020, 14:35:37",P1,C
422,Malachi Hull,jpnbd768@domain.edu,"Jun 15 2020, 14:35:14",P1,C
423,Cullen Pickett,oelhu234@domain.edu,"Jun 15 2020, 14:36:57",P1,D
424,Selma Avery,cluii258@domain.edu,"Jun 15 2020, 14:37:22",P1,E
425,Gray King,fyuzb226@domain.edu,"Jun 15 2020, 14:35:05",P1,D
426,Brennan Hart,tixib157@domain.edu,"Jun 15 2020, 14:36:28",P1,E
427,Hadassah Rice,byaci407@domain.edu,"Jun 15 2020, 14:36:03",P1,B
428,Nicole Carrillo,vuird645@domain.edu,"Jun 15 2020, 14:36:28",P1,A
429,Lila Lamb,fwuhy431@domain.edu,"Jun 15 2020, 14:35:12",P1,C
430,Tanek Petersen,doubh223@domain.edu,"Jun 15 2020, 14:35:12",P1,C
431,Urielle Mcbride,qyljf464@domain.edu,"Jun 15 2020, 14:38:58",P1,A
432,Kitra Rivera,sedrn434@domain.edu,"Jun 15 2020, 14:35:41",P1,A
433,Chava Cotton,rjxvt227@domain.edu,"Jun 15 2020, 14:38:17",P1,C
434,Xenos Cardenas,sdtzr427@domain.edu,"Jun 15 2020, 14:37:00",P1,E
435,Ryder Ingram,Ryder.Ingram@other.com,"Jun 15 2020, 14:36:48",P1,E
436,Lynn George,nvdzj823@domain.edu,"Jun 15 2020, 14:38:47",P1,E
437,Whoopi Hayden,kbivm676@domain.edu,"Jun 15 2020, 14:35:54",P1,A
438,Debra Kirk,xtwdk444@domain.edu,"Jun 15 2020, 14:37:49",P1,C
439,Cailin Carson,trrbr654@domain.edu,"Jun 15 2020, 14:36:32",P1,B
440,Jarrod Peterson,jntka723@domain.edu,"Jun 15 2020, 14:35:13",P1,E
441,Martin Keith,gwlfi631@domain.edu,"Jun 15 2020, 14:35:57",P1,D
442,Guy Jackson,hthyq966@domain.edu,"Jun 15 2020, 14:37:21",P1,B
443,Leah Hurst,srycg488@domain.edu,"Jun 15 2020, 14:37:37",P1,E
444,Sharon Keller,gljfl985@domain.edu,"Jun 15 2020, 14:37:12",P1,C
445,Zelenia Ortega,rcgls778@domain.edu,"Jun 15 2020, 14:37:44",P1,E
446,Bevis Wright,ndult018@domain.edu,"Jun 15 2020, 14:36:37",P1,A
447,Amelia Whitfield,iyhvz364@domain.edu,"Jun 15 2020, 14:38:04",P1,E
448,Prescott Buckner,ntuxc828@domain.edu,"Jun 15 2020, 14:37:25",P1,C
449,Unity Pruitt,cccit268@domain.edu,"Jun 15 2020, 14:38:27",P1,C
450,Cheryl Sanford,fqokd973@domain.edu,"Jun 15 2020, 14:36:09",P1,C
451,Chester Sharp,yqpqs920@domain.edu,"Jun 15 2020, 14:36:08",P1,B
452,Kalia Norton,jjsgn180@domain.edu,"Jun 15 2020, 14:36:40",P1,B
453,Harper Whitaker,aghow116@domain.edu,"Jun 15 2020, 14:38:27",P1,A
454,Stacy Estes,zqnno714@domain.edu,"Jun 15 2020, 14:37:20",P1,A
455,Dorothy Aguilar,esjlf090@domain.edu,"Jun 15 2020, 14:36:09",P1,D
456,Igor Rios,cornh718@domain.edu,"Jun 15 2020, 14:36:27",P1,D
457,Chadwick Conway,jfnio420@domain.edu,"Jun 15 2020, 14:38:47",P1,C
458,Buffy Bruce,yspdy899@domain.edu,"Jun 15 2020, 14:38:41",P1,B
459,Madonna Snow,snbme031@domain.edu,"Jun 15 2020, 14:36:31",P1,E
460,Amir Mccray,arkys795@domain.edu,"Jun 15 2020, 14:35:47",P1,A
461,Grant Calhoun,qwmlj792@domain.edu,"Jun 15 2020, 14:36:28",P1,A
462,Zephania Henson,slxwv011@domain.edu,"Jun 15 2020, 14:37:43",P1,C
463,Geoffrey Hicks,ioxkj220@domain.edu,"Jun 15 2020, 14:38:23",P1,C
464,Blair Peterson,cvewm166@domain.edu,"Jun 15 2020, 14:37:34",P1,C
465,Ina Flores,kagmc103@domain.edu,"Jun 15 2020, 14:36:58",P1,E
466,Paul Jacobs,yzzkv299@domain.edu,"Jun 15 2020, 14:38:52",P1,A
467,Fallon Burt,jtvbc750@domain.edu,"Jun 15 2020, 14:37:06",P1,A
468,Chaney Blair,blrzm467@domain.edu,"Jun 15 2020, 14:36:25",P1,C
469,Tiger Blackwell,jglbs857@domain.edu,"Jun 15 2020, 14:37:04",P1,C
470,Naomi Jefferson,eeqan765@domain.edu,"Jun 15 2020, 14:36:19",P1,B
471,Farrah Berry,lnlru592@domain.edu,"Jun 15 2020, 14:37:02",P1,C
472,Colby Mueller,ascwu599@domain.edu,"Jun 15 2020, 14:36:58",P1,C
473,MacKensie Reeves,jjrej872@domain.edu,"Jun 15 2020, 14:35:09",P1,D
474,Anjolie Mullins,susta510@domain.edu,"Jun 15 2020, 14:35:47",P1,B
475,Hyatt Jackson,ihpyy603@domain.edu,"Jun 15 2020, 14:38:17",P1,E
476,Kristen Pickett,nnahv340@domain.edu,"Jun 15 2020, 14:36:01",P1,C
477,Channing Battle,yfuow387@domain.edu,"Jun 15 2020, 14:36:42",P1,D
478,Ashely Dotson,xuzhz736@domain.edu,"Jun 15 2020, 14:35:11",P1,D
479,Quinlan Slater,oflii853@domain.edu,"Jun 15 2020, 14:36:21",P1,E
480,Elton Dickson,hvlji311@domain.edu,"Jun 15 2020, 14:38:36",P1,B
481,Maile Dickson,Maile.Dickson@other.com,"Jun 15 2020, 14:36:52",P1,B
482,Reese Fitzpatrick,xsslq184@domain.edu,"Jun 15 2020, 14:38:00",P1,B
483,Cally Mcconnell,ialla582@domain.edu,"Jun 15 2020, 14:38:42",P1,A
484,Vivian Erickson,nzxvm995@domain.edu,"Jun 15 2020, 14:38:49",P1,D
485,Alden Nolan,iomdt167@domain.edu,"Jun 15 2020, 14:35:39",P1,E
486,Cedric Duke,Cedric.Duke@other.com,"Jun 15 2020, 14:35:27",P1,B
487,Jocelyn Jacobs,jcswl460@domain.edu,"Jun 15 2020, 14:38:26",P1,A
488,Emmanuel Armstrong,rsvhr314@domain.edu,"Jun 15 2020, 14:38:12",P1,E
489,Imogene Moss,zjpgy913@domain.edu,"Jun 15 2020, 14:38:54",P1,C
490,Zeus Fleming,ojvcb253@domain.edu,"Jun 15 2020, 14:36:43",P1,C
491,Merritt Whitley,uxacm563@domain.edu,"Jun 15 2020, 14:36:14",P1,C
492,Sharon Finley,ogrrf764@domain.edu,"Jun 15 2020, 14:37:24",P1,C
493,Sawyer Beard,teeti436@domain.edu,"Jun 15 2020, 14:36:15",P1,B
494,Pascale Warren,mjoip200@domain.edu,"Jun 15 2020, 14:38:52",P1,D
495,Sandra Greer,vmmfk001@domain.edu,"Jun 15 2020, 14:51:56",P2,B
496,Valentine Gallegos,euhev727@domain.edu,"Jun 15 2020, 14:50:00",P2,E
497,Quail Hammond,bmcnp533@domain.edu,"Jun 15 2020, 14:51:42",P2,E
498,Dale Quinn,ybpdm069@domain.edu,"Jun 15 2020, 14:51:09",P2,A
499,Bertha Hudson,svcdt668@domain.edu,"Jun 15 2020, 14:50:13",P2,C
500,Gil Baird,fdjof790@domain.edu,"Jun 15 2020, 14:50:54",P2,D
501,Veda Hammond,ozvrl013@domain.edu,"Jun 15 2020, 14:50:59",P2,C
502,Laurel Brennan,nrecn133@domain.edu,"Jun 15 2020, 14:53:49",P2,A
503,Cassidy Montgomery,jqzxu603@domain.edu,"Jun 15 2020, 14:50:11",P2,B
504,Adrian Wyatt,tkhly303@domain.edu,"Jun 15 2020, 14:52:36",P2,B
505,Lionel Battle,brhzp819@domain.edu,"Jun 15 2020, 14:53:15",P2,B
506,Hammett Pacheco,bdgjg511@domain.edu,"Jun 15 2020, 14:50:51",P2,A
507,Ariana Pace,gcjwf257@domain.edu,"Jun 15 2020, 14:53:43",P2,A
508,Phelan Horn,pfkrv218@domain.edu,"Jun 15 2020, 14:50:10",P2,B
509,Shoshana Ortiz,irxed886@domain.edu,"Jun 15 2020, 14:50:56",P2,C
510,Ahmed Willis,jgqxz069@domain.edu,"Jun 15 2020, 14:50:12",P2,D
511,Candice Ware,tqtec429@domain.edu,"Jun 15 2020, 14:52:45",P2,C
512,Bell Good,efwbr296@domain.edu,"Jun 15 2020, 14:53:39",P2,B
513,Rhiannon Kaufman,Rhiannon.Kaufman@other.com,"Jun 15 2020, 14:53:43",P2,A
514,Lana Benson,xykow385@domain.edu,"Jun 15 2020, 14:51:48",P2,E
515,Dale Mcleod,zcnvp231@domain.edu,"Jun 15 2020, 14:53:59",P2,D
516,Molly Berger,viaaf832@domain.edu,"Jun 15 2020, 14:52:37",P2,E
517,Alden Ray,favfs371@domain.edu,"Jun 15 2020, 14:53:39",P2,E
518,Maryam Harding,maznd255@domain.edu,"Jun 15 2020, 14:53:03",P2,E
519,Malachi Hull,jpnbd768@domain.edu,"Jun 15 2020, 14:53:27",P2,B
520,Cullen Pickett,oelhu234@domain.edu,"Jun 15 2020, 14:50:19",P2,D
521,Selma Avery,cluii258@domain.edu,"Jun 15 2020, 14:52:26",P2,D
522,Gray King,fyuzb226@domain.edu,"Jun 15 2020, 14:53:22",P2,A
523,Brennan Hart,tixib157@domain.edu,"Jun 15 2020, 14:52:44",P2,A
524,Hadassah Rice,byaci407@domain.edu,"Jun 15 2020, 14:52:08",P2,B
525,Nicole Carrillo,vuird645@domain.edu,"Jun 15 2020, 14:51:30",P2,C
526,Lila Lamb,fwuhy431@domain.edu,"Jun 15 2020, 14:51:18",P2,A
527,Tanek Petersen,doubh223@domain.edu,"Jun 15 2020, 14:53:19",P2,C
528,Urielle Mcbride,qyljf464@domain.edu,"Jun 15 2020, 14:53:44",P2,C
529,Kitra Rivera,sedrn434@domain.edu,"Jun 15 2020, 14:51:15",P2,B
530,Chava Cotton,rjxvt227@domain.edu,"Jun 15 2020, 14:50:03",P2,E
531,Xenos Cardenas,sdtzr427@domain.edu,"Jun 15 2020, 14:52:02",P2,D
532,Ryder Ingram,Ryder.Ingram@other.com,"Jun 15 2020, 14:50:35",P2,A
533,Lynn George,nvdzj823@domain.edu,"Jun 15 2020, 14:50:11",P2,A
534,Whoopi Hayden,kbivm676@domain.edu,"Jun 15 2020, 14:50:31",P2,E
535,Debra Kirk,xtwdk444@domain.edu,"Jun 15 2020, 14:53:05",P2,A
536,Cailin Carson,trrbr654@domain.edu,"Jun 15 2020, 14:51:13",P2,E
537,Jarrod Peterson,jntka723@domain.edu,"Jun 15 2020, 14:50:40",P2,A
538,Martin Keith,gwlfi631@domain.edu,"Jun 15 2020, 14:52:41",P2,B
539,Guy Jackson,hthyq966@domain.edu,"Jun 15 2020, 14:51:34",P2,E
540,Leah Hurst,srycg488@domain.edu,"Jun 15 2020, 14:50:55",P2,C
541,Sharon Keller,gljfl985@domain.edu,"Jun 15 2020, 14:51:24",P2,B
542,Zelenia Ortega,rcgls778@domain.edu,"Jun 15 2020, 14:53:21",P2,C
543,Bevis Wright,ndult018@domain.edu,"Jun 15 2020, 14:52:59",P2,E
544,Amelia Whitfield,iyhvz364@domain.edu,"Jun 15 2020, 14:51:29",P2,A
545,Prescott Buckner,ntuxc828@domain.edu,"Jun 15 2020, 14:50:29",P2,A
546,Unity Pruitt,cccit268@domain.edu,"Jun 15 2020, 14:53:35",P2,B
547,Chester Sharp,yqpqs920@domain.edu,"Jun 15 2020, 14:52:15",P2,B
548,Kalia Norton,jjsgn180@domain.edu,"Jun 15 2020, 14:50:39",P2,A
549,Harper Whitaker,aghow116@domain.edu,"Jun 15 2020, 14:53:25",P2,B
550,Stacy Estes,zqnno714@domain.edu,"Jun 15 2020, 14:51:28",P2,C
551,Dorothy Aguilar,esjlf090@domain.edu,"Jun 15 2020, 14:53:16",P2,A
552,Igor Rios,cornh718@domain.edu,"Jun 15 2020, 14:52:38",P2,B
553,Chadwick Conway,jfnio420@domain.edu,"Jun 15 2020, 14:53:25",P2,A
554,Buffy Bruce,yspdy899@domain.edu,"Jun 15 2020, 14:50:23",P2,D
555,Madonna Snow,snbme031@domain.edu,"Jun 15 2020, 14:51:04",P2,E
556,Amir Mccray,arkys795@domain.edu,"Jun 15 2020, 14:52:46",P2,D
557,Grant Calhoun,qwmlj792@domain.edu,"Jun 15 2020, 14:52:13",P2,C
558,Zephania Henson,slxwv011@domain.edu,"Jun 15 2020, 14:50:02",P2,C
559,Geoffrey Hicks,ioxkj220@domain.edu,"Jun 15 2020, 14:52:05",P2,B
560,Blair Peterson,cvewm166@domain.edu,"Jun 15 2020, 14:50:17",P2,A
561,Ina Flores,kagmc103@domain.edu,"Jun 15 2020, 14:50:11",P2,E
562,Paul Jacobs,yzzkv299@domain.edu,"Jun 15 2020, 14:50:46",P2,D
563,Fallon Burt,jtvbc750@domain.edu,"Jun 15 2020, 14:52:02",P2,B
564,Chaney Blair,blrzm467@domain.edu,"Jun 15 2020, 14:51:22",P2,C
565,Tiger Blackwell,jglbs857@domain.edu,"Jun 15 2020, 14:53:20",P2,D
566,Naomi Jefferson,eeqan765@domain.edu,"Jun 15 2020, 14:53:59",P2,E
567,Farrah Berry,lnlru592@domain.edu,"Jun 15 2020, 14:50:47",P2,E
568,Colby Mueller,ascwu599@domain.edu,"Jun 15 2020, 14:50:07",P2,B
569,MacKensie Reeves,jjrej872@domain.edu,"Jun 15 2020, 14:53:37",P2,B
570,Anjolie Mullins,susta510@domain.edu,"Jun 15 2020, 14:50:33",P2,A
571,Hyatt Jackson,ihpyy603@domain.edu,"Jun 15 2020, 14:53:50",P2,E
572,Kristen Pickett,nnahv340@domain.edu,"Jun 15 2020, 14:53:34",P2,C
573,Channing Battle,yfuow387@domain.edu,"Jun 15 2020, 14:51:04",P2,C
574,Ashely Dotson,xuzhz736@domain.edu,"Jun 15 2020, 14:50:22",P2,E
575,Quinlan Slater,oflii853@domain.edu,"Jun 15 2020, 14:52:53",P2,B
576,Elton Dickson,hvlji311@domain.edu,"Jun 15 2020, 14:53:48",P2,C
577,Maile Dickson,Maile.Dickson@other.com,"Jun 15 2020, 14:52:00",P2,E
578,Reese Fitzpatrick,xsslq184@domain.edu,"Jun 15 2020, 14:50:21",P2,B
579,Cally Mcconnell,ialla582@domain.edu,"Jun 15 2020, 14:52:17",P2,B
580,Vivian Erickson,nzxvm995@domain.edu,"Jun 15 2020, 14:52:37",P2,A
581,Alden Nolan,iomdt167@domain.edu,"Jun 15 2020, 14:51:38",P2,B
582,Cedric Duke,Cedric.Duke@other.com,"Jun 15 2020, 14:50:19",P2,B
583,Jocelyn Jacobs,jcswl460@domain.edu,"Jun 15 2020, 14:52:15",P2,C
584,Emmanuel Armstrong,rsvhr314@domain.edu,"Jun 15 2020, 14:52:57",P2,C
585,Imogene Moss,zjpgy913@domain.edu,"Jun 15 2020, 14:51:33",P2,E
586,Zeus Fleming,ojvcb253@domain.edu,"Jun 15 2020, 14:50:21",P2,C
587,Merritt Whitley,uxacm563@domain.edu,"Jun 15 2020, 14:51:24",P2,C
588,Sharon Finley,ogrrf764@domain.edu,"Jun 15 2020, 14:53:34",P2,C
589,Sawyer Beard,teeti436@domain.edu,"Jun 15 2020, 14:50:03",P2,B
590,Pascale Warren,mjoip200@domain.edu,"Jun 15 2020, 14:51:10",P2,D
591,Galvin Duffy,ucgim217@domain.edu,"Jun 15 2020, 14:51:38",P2,C
592,Sandra Greer,vmmfk001@domain.edu,"Jun 15 2020, 15:13:19",P3,C
593,Valentine Gallegos,euhev727@domain.edu,"Jun 15 2020, 15:11:48",P3,E
594,Naida Hull,kurar346@domain.edu,"Jun 15 2020, 15:13:12",P3,C
595,Willa Evans,iubpo814@domain.edu,"Jun 15 2020, 15:13:27",P3,B
596,Quail Hammond,bmcnp533@domain.edu,"Jun 15 2020, 15:10:52",P3,A
597,Dale Quinn,ybpdm069@domain.edu,"Jun 15 2020, 15:10:53",P3,D
598,Bertha Hudson,svcdt668@domain.edu,"Jun 15 2020, 15:12:57",P3,A
599,Gil Baird,fdjof790@domain.edu,"Jun 15 2020, 15:11:56",P3,B
600,Veda Hammond,ozvrl013@domain.edu,"Jun 15 2020, 15:13:23",P3,E
601,Laurel Brennan,nrecn133@domain.edu,"Jun 15 2020, 15:11:49",P3,C
602,Cassidy Montgomery,jqzxu603@domain.edu,"Jun 15 2020, 15:11:11",P3,E
603,Adrian Wyatt,tkhly303@domain.edu,"Jun 15 2020, 15:10:36",P3,B
604,Lionel Battle,brhzp819@domain.edu,"Jun 15 2020, 15:12:25",P3,C
605,Hammett Pacheco,bdgjg511@domain.edu,"Jun 15 2020, 15:13:47",P3,D
606,Ariana Pace,gcjwf257@domain.edu,"Jun 15 2020, 15:11:13",P3,D
607,Phelan Horn,pfkrv218@domain.edu,"Jun 15 2020, 15:11:46",P3,A
608,Shoshana Ortiz,irxed886@domain.edu,"Jun 15 2020, 15:13:42",P3,E
609,Ahmed Willis,jgqxz069@domain.edu,"Jun 15 2020, 15:12:44",P3,A
610,Candice Ware,tqtec429@domain.edu,"Jun 15 2020, 15:10:20",P3,A
611,Bell Good,efwbr296@domain.edu,"Jun 15 2020, 15:12:20",P3,E
612,Rhiannon Kaufman,Rhiannon.Kaufman@other.com,"Jun 15 2020, 15:12:48",P3,A
613,Lana Benson,xykow385@domain.edu,"Jun 15 2020, 15:12:49",P3,E
614,Dale Mcleod,zcnvp231@domain.edu,"Jun 15 2020, 15:11:44",P3,B
615,Molly Berger,viaaf832@domain.edu,"Jun 15 2020, 15:12:01",P3,A
616,Alden Ray,favfs371@domain.edu,"Jun 15 2020, 15:10:07",P3,E
617,Maryam Harding,maznd255@domain.edu,"Jun 15 2020, 15:12:41",P3,E
618,Malachi Hull,jpnbd768@domain.edu,"Jun 15 2020, 15:13:59",P3,E
619,Cullen Pickett,oelhu234@domain.edu,"Jun 15 2020, 15:13:33",P3,B
620,Selma Avery,cluii258@domain.edu,"Jun 15 2020, 15:13:37",P3,A
621,Gray King,fyuzb226@domain.edu,"Jun 15 2020, 15:13:17",P3,B
622,Brennan Hart,tixib157@domain.edu,"Jun 15 2020, 15:10:55",P3,D
623,Hadassah Rice,byaci407@domain.edu,"Jun 15 2020, 15:11:29",P3,E
624,Nicole Carrillo,vuird645@domain.edu,"Jun 15 2020, 15:10:13",P3,A
625,Lila Lamb,fwuhy431@domain.edu,"Jun 15 2020, 15:12:52",P3,B
626,Tanek Petersen,doubh223@domain.edu,"Jun 15 2020, 15:13:56",P3,C
627,Urielle Mcbride,qyljf464@domain.edu,"Jun 15 2020, 15:12:04",P3,C
628,Kitra Rivera,sedrn434@domain.edu,"Jun 15 2020, 15:12:52",P3,C
629,Chava Cotton,rjxvt227@domain.edu,"Jun 15 2020, 15:11:01",P3,C
630,Xenos Cardenas,sdtzr427@domain.edu,"Jun 15 2020, 15:13:50",P3,B
631,Whoopi Hayden,kbivm676@domain.edu,"Jun 15 2020, 15:11:57",P3,A
632,Debra Kirk,xtwdk444@domain.edu,"Jun 15 2020, 15:10:58",P3,A
633,Cailin Carson,trrbr654@domain.edu,"Jun 15 2020, 15:13:01",P3,D
634,Jarrod Peterson,jntka723@domain.edu,"Jun 15 2020, 15:12:52",P3,E
635,Martin Keith,gwlfi631@domain.edu,"Jun 15 2020, 15:12:34",P3,A
636,Guy Jackson,hthyq966@domain.edu,"Jun 15 2020, 15:10:00",P3,C
637,Leah Hurst,srycg488@domain.edu,"Jun 15 2020, 15:10:11",P3,B
638,Sharon Keller,gljfl985@domain.edu,"Jun 15 2020, 15:12:42",P3,B
639,Zelenia Ortega,rcgls778@domain.edu,"Jun 15 2020, 15:12:41",P3,A
640,Bevis Wright,ndult018@domain.edu,"Jun 15 2020, 15:12:26",P3,B
641,Amelia Whitfield,iyhvz364@domain.edu,"Jun 15 2020, 15:11:51",P3,D
642,Prescott Buckner,ntuxc828@domain.edu,"Jun 15 2020, 15:11:32",P3,D
643,Unity Pruitt,cccit268@domain.edu,"Jun 15 2020, 15:12:51",P3,B
644,Cheryl Sanford,fqokd973@domain.edu,"Jun 15 2020, 15:11:07",P3,B
645,Chester Sharp,yqpqs920@domain.edu,"Jun 15 2020, 15:12:45",P3,A
646,Kalia Norton,jjsgn180@domain.edu,"Jun 15 2020, 15:10:59",P3,E
647,Harper Whitaker,aghow116@domain.edu,"Jun 15 2020, 15:13:49",P3,E
648,Stacy Estes,zqnno714@domain.edu,"Jun 15 2020, 15:10:41",P3,D
649,Dorothy Aguilar,esjlf090@domain.edu,"Jun 15 2020, 15:12:58",P3,D
650,Igor Rios,cornh718@domain.edu,"Jun 15 2020, 15:11:04",P3,E
651,Chadwick Conway,jfnio420@domain.edu,"Jun 15 2020, 15:13:36",P3,C
652,Buffy Bruce,yspdy899@domain.edu,"Jun 15 2020, 15:11:03",P3,E
653,Madonna Snow,snbme031@domain.edu,"Jun 15 2020, 15:10:17",P3,D
654,Amir Mccray,arkys795@domain.edu,"Jun 15 2020, 15:13:36",P3,E
655,Grant Calhoun,qwmlj792@domain.edu,"Jun 15 2020, 15:11:18",P3,A
656,Zephania Henson,slxwv011@domain.edu,"Jun 15 2020, 15:11:05",P3,A
657,Geoffrey Hicks,ioxkj220@domain.edu,"Jun 15 2020, 15:12:59",P3,A
658,Blair Peterson,cvewm166@domain.edu,"Jun 15 2020, 15:13:34",P3,B
659,Ina Flores,kagmc103@domain.edu,"Jun 15 2020, 15:11:23",P3,E
660,Paul Jacobs,yzzkv299@domain.edu,"Jun 15 2020, 15:10:37",P3,C
661,Fallon Burt,jtvbc750@domain.edu,"Jun 15 2020, 15:13:22",P3,C
662,Chaney Blair,blrzm467@domain.edu,"Jun 15 2020, 15:12:26",P3,B
663,Tiger Blackwell,jglbs857@domain.edu,"Jun 15 2020, 15:12:48",P3,A
664,Naomi Jefferson,eeqan765@domain.edu,"Jun 15 2020, 15:12:06",P3,E
665,Farrah Berry,lnlru592@domain.edu,"Jun 15 2020, 15:12:04",P3,D
666,Colby Mueller,ascwu599@domain.edu,"Jun 15 2020, 15:13:28",P3,B
667,MacKensie Reeves,jjrej872@domain.edu,"Jun 15 2020, 15:10:51",P3,D
668,Anjolie Mullins,susta510@domain.edu,"Jun 15 2020, 15:12:57",P3,C
669,Hyatt Jackson,ihpyy603@domain.edu,"Jun 15 2020, 15:10:09",P3,A
670,Kristen Pickett,nnahv340@domain.edu,"Jun 15 2020, 15:12:26",P3,D
671,Ashely Dotson,xuzhz736@domain.edu,"Jun 15 2020, 15:12:06",P3,B
672,Quinlan Slater,oflii853@domain.edu,"Jun 15 2020, 15:11:51",P3,D
673,Elton Dickson,hvlji311@domain.edu,"Jun 15 2020, 15:13:42",P3,D
674,Maile Dickson,Maile.Dickson@other.com,"Jun 15 2020, 15:13:38",P3,E
675,Reese Fitzpatrick,xsslq184@domain.edu,"Jun 15 2020, 15:11:07",P3,C
676,Cally Mcconnell,ialla582@domain.edu,"Jun 15 2020, 15:10:53",P3,C
677,Vivian Erickson,nzxvm995@domain.edu,"Jun 15 2020, 15:13:58",P3,D
678,Alden Nolan,iomdt167@domain.edu,"Jun 15 2020, 15:13:39",P3,B
679,Cedric Duke,Cedric.Duke@other.com,"Jun 15 2020, 15:10:28",P3,C
680,Jocelyn Jacobs,jcswl460@domain.edu,"Jun 15 2020, 15:11:09",P3,E
681,Emmanuel Armstrong,rsvhr314@domain.edu,"Jun 15 2020, 15:10:29",P3,C
682,Imogene Moss,zjpgy913@domain.edu,"Jun 15 2020, 15:10:02",P3,D
683,Zeus Fleming,ojvcb253@domain.edu,"Jun 15 2020, 15:13:18",P3,C
684,Merritt Whitley,uxacm563@domain.edu,"Jun 15 2020, 15:12:35",P3,D
685,Sharon Finley,ogrrf764@domain.edu,"Jun 15 2020, 15:11:11",P3,B
686,Sawyer Beard,teeti436@domain.edu,"Jun 15 2020, 15:13:47",P3,B
687,Pascale Warren,mjoip200@domain.edu,"Jun 15 2020, 15:10:38",P3,E
688,Galvin Duffy,ucgim217@domain.edu,"Jun 15 2020, 15:10:22",P3,A
689,Sandra Greer,vmmfk001@domain.edu,"Jun 17 2020, 11:08:40",P1,D
690,Valentine Gallegos,euhev727@domain.edu,"Jun 17 2020, 11:08:19",P1,C
691,Naida Hull,kurar346@domain.edu,"Jun 17 2020, 11:07:18",P1,E
692,Willa Evans,iubpo814@domain.edu,"Jun 17 2020, 11:09:28",P1,D
693,Quail Hammond,bmcnp533@domain.edu,"Jun 17 2020, 11:07:59",P1,A
694,Dale Quinn,ybpdm069@domain.edu,"Jun 17 2020, 11:07:06",P1,C
695,Bertha Hudson,svcdt668@domain.edu,"Jun 17 2020, 11:10:11",P1,D
696,Gil Baird,fdjof790@domain.edu,"Jun 17 2020, 11:09:19",P1,E
697,Veda Hammond,ozvrl013@domain.edu,"Jun 17 2020, 11:07:44",P1,A
698,Laurel Brennan,nrecn133@domain.edu,"Jun 17 2020, 11:09:51",P1,E
699,Cassidy Montgomery,jqzxu603@domain.edu,"Jun 17 2020, 11:10:39",P1,E
700,Adrian Wyatt,tkhly303@domain.edu,"Jun 17 2020, 11:10:01",P1,C
701,Lionel Battle,brhzp819@domain.edu,"Jun 17 2020, 11:09:44",P1,B
702,Hammett Pacheco,bdgjg511@domain.edu,"Jun 17 2020, 11:08:42",P1,D
703,Ariana Pace,gcjwf257@domain.edu,"Jun 17 2020, 11:10:33",P1,C
704,Phelan Horn,pfkrv218@domain.edu,"Jun 17 2020, 11:09:09",P1,E
705,Shoshana Ortiz,irxed886@domain.edu,"Jun 17 2020, 11:07:27",P1,B
706,Ahmed Willis,jgqxz069@domain.edu,"Jun 17 2020, 11:08:41",P1,A
707,Candice Ware,tqtec429@domain.edu,"Jun 17 2020, 11:09:55",P1,E
708,Bell Good,efwbr296@domain.edu,"Jun 17 2020, 11:10:25",P1,C
709,Rhiannon Kaufman,Rhiannon.Kaufman@other.com,"Jun 17 2020, 11:08:28",P1,D
710,Lana Benson,xykow385@domain.edu,"Jun 17 2020, 11:10:43",P1,C
711,Dale Mcleod,zcnvp231@domain.edu,"Jun 17 2020, 11:10:57",P1,A
712,Molly Berger,viaaf832@domain.edu,"Jun 17 2020, 11:08:11",P1,C
713,Alden Ray,favfs371@domain.edu,"Jun 17 2020, 11:09:43",P1,C
714,Maryam Harding,maznd255@domain.edu,"Jun 17 2020, 11:08:45",P1,B
715,Malachi Hull,jpnbd768@domain.edu,"Jun 17 2020, 11:08:59",P1,C
716,Cullen Pickett,oelhu234@domain.edu,"Jun 17 2020, 11:08:36",P1,C
717,Selma Avery,cluii258@domain.edu,"Jun 17 2020, 11:09:53",P1,A
718,Gray King,fyuzb226@domain.edu,"Jun 17 2020, 11:10:48",P1,A
719,Brennan Hart,tixib157@domain.edu,"Jun 17 2020, 11:10:12",P1,C
720,Hadassah Rice,byaci407@domain.edu,"Jun 17 2020, 11:10:12",P1,C
721,Nicole Carrillo,vuird645@domain.edu,"Jun 17 2020, 11:07:17",P1,E
722,Lila Lamb,fwuhy431@domain.edu,"Jun 17 2020, 11:07:25",P1,D
723,Tanek Petersen,doubh223@domain.edu,"Jun 17 2020, 11:10:50",P1,D
724,Urielle Mcbride,qyljf464@domain.edu,"Jun 17 2020, 11:09:40",P1,D
725,Kitra Rivera,sedrn434@domain.edu,"Jun 17 2020, 11:08:51",P1,B
726,Chava Cotton,rjxvt227@domain.edu,"Jun 17 2020, 11:07:06",P1,B
727,Xenos Cardenas,sdtzr427@domain.edu,"Jun 17 2020, 11:07:08",P1,A
728,Ryder Ingram,Ryder.Ingram@other.com,"Jun 17 2020, 11:10:17",P1,E
729,Lynn George,nvdzj823@domain.edu,"Jun 17 2020, 11:09:41",P1,B
730,Debra Kirk,xtwdk444@domain.edu,"Jun 17 2020, 11:07:16",P1,C
731,Cailin Carson,trrbr654@domain.edu,"Jun 17 2020, 11:09:25",P1,B
732,Jarrod Peterson,jntka723@domain.edu,"Jun 17 2020, 11:07:34",P1,D
733,Martin Keith,gwlfi631@domain.edu,"Jun 17 2020, 11:07:54",P1,D
734,Guy Jackson,hthyq966@domain.edu,"Jun 17 2020, 11:08:59",P1,A
735,Leah Hurst,srycg488@domain.edu,"Jun 17 2020, 11:07:21",P1,E
736,Sharon Keller,gljfl985@domain.edu,"Jun 17 2020, 11:08:42",P1,A
737,Zelenia Ortega,rcgls778@domain.edu,"Jun 17 2020, 11:10:36",P1,E
738,Bevis Wright,ndult018@domain.edu,"Jun 17 2020, 11:09:35",P1,A
739,Amelia Whitfield,iyhvz364@domain.edu,"Jun 17 2020, 11:09:43",P1,A
740,Prescott Buckner,ntuxc828@domain.edu,"Jun 17 2020, 11:09:10",P1,E
741,Unity Pruitt,cccit268@domain.edu,"Jun 17 2020, 11:09:12",P1,E
742,Cheryl Sanford,fqokd973@domain.edu,"Jun 17 2020, 11:07:35",P1,D
743,Chester Sharp,yqpqs920@domain.edu,"Jun 17 2020, 11:08:26",P1,A
744,Kalia Norton,jjsgn180@domain.edu,"Jun 17 2020, 11:08:37",P1,C
745,Harper Whitaker,aghow116@domain.edu,"Jun 17 2020, 11:08:47",P1,D
746,Stacy Estes,zqnno714@domain.edu,"Jun 17 2020, 11:07:54",P1,A
747,Dorothy Aguilar,esjlf090@domain.edu,"Jun 17 2020, 11:10:27",P1,D
748,Igor Rios,cornh718@domain.edu,"Jun 17 2020, 11:10:01",P1,E
749,Chadwick Conway,jfnio420@domain.edu,"Jun 17 2020, 11:08:59",P1,B
750,Buffy Bruce,yspdy899@domain.edu,"Jun 17 2020, 11:09:07",P1,A
751,Madonna Snow,snbme031@domain.edu,"Jun 17 2020, 11:08:42",P1,A
752,Amir Mccray,arkys795@domain.edu,"Jun 17 2020, 11:09:59",P1,A
753,Grant Calhoun,qwmlj792@domain.edu,"Jun 17 2020, 11:08:43",P1,D
754,Zephania Henson,slxwv011@domain.edu,"Jun 17 2020, 11:07:53",P1,E
755,Geoffrey Hicks,ioxkj220@domain.edu,"Jun 17 2020, 11:09:34",P1,A
756,Blair Peterson,cvewm166@domain.edu,"Jun 17 2020, 11:10:12",P1,D
757,Ina Flores,kagmc103@domain.edu,"Jun 17 2020, 11:10:02",P1,D
758,Paul Jacobs,yzzkv299@domain.edu,"Jun 17 2020, 11:10:40",P1,B
759,Fallon Burt,jtvbc750@domain.edu,"Jun 17 2020, 11:09:17",P1,D
760,Chaney Blair,blrzm467@domain.edu,"Jun 17 2020, 11:09:37",P1,D
761,Tiger Blackwell,jglbs857@domain.edu,"Jun 17 2020, 11:08:01",P1,E
762,Naomi Jefferson,eeqan765@domain.edu,"Jun 17 2020, 11:07:05",P1,E
763,Farrah Berry,lnlru592@domain.edu,"Jun 17 2020, 11:09:06",P1,B
764,Colby Mueller,ascwu599@domain.edu,"Jun 17 2020, 11:09:49",P1,B
765,MacKensie Reeves,jjrej872@domain.edu,"Jun 17 2020, 11:10:39",P1,D
766,Anjolie Mullins,susta510@domain.edu,"Jun 17 2020, 11:09:46",P1,E
767,Hyatt Jackson,ihpyy603@domain.edu,"Jun 17 2020, 11:07:42",P1,C
768,Kristen Pickett,nnahv340@domain.edu,"Jun 17 2020, 11:09:46",P1,C
769,Channing Battle,yfuow387@domain.edu,"Jun 17 2020, 11:09:09",P1,E
770,Ashely Dotson,xuzhz736@domain.edu,"Jun 17 2020, 11:08:25",P1,D
771,Quinlan Slater,oflii853@domain.edu,"Jun 17 2020, 11:07:15",P1,B
772,Elton Dickson,hvlji311@domain.edu,"Jun 17 2020, 11:08:10",P1,D
773,Maile Dickson,Maile.Dickson@other.com,"Jun 17 2020, 11:10:36",P1,D
774,Reese Fitzpatrick,xsslq184@domain.edu,"Jun 17 2020, 11:08:08",P1,D
775,Cally Mcconnell,ialla582@domain.edu,"Jun 17 2020, 11:07:59",P1,E
776,Vivian Erickson,nzxvm995@domain.edu,"Jun 17 2020, 11:10:31",P1,C
777,Alden Nolan,iomdt167@domain.edu,"Jun 17 2020, 11:09:03",P1,E
778,Cedric Duke,Cedric.Duke@other.com,"Jun 17 2020, 11:09:57",P1,D
779,Jocelyn Jacobs,jcswl460@domain.edu,"Jun 17 2020, 11:10:43",P1,E
780,Emmanuel Armstrong,rsvhr314@domain.edu,"Jun 17 2020, 11:10:39",P1,D
781,Imogene Moss,zjpgy913@domain.edu,"Jun 17 2020, 11:07:33",P1,A
782,Zeus Fleming,ojvcb253@domain.edu,"Jun 17 2020, 11:09:51",P1,D
783,Merritt Whitley,uxacm563@domain.edu,"Jun 17 2020, 11:07:36",P1,E
784,Sharon Finley,ogrrf764@domain.edu,"Jun 17 2020, 11:10:50",P1,A
785,Sawyer Beard,teeti436@domain.edu,"Jun 17 2020, 11:07:22",P1,D
786,Pascale Warren,mjoip200@domain.edu,"Jun 17 2020, 11:10:03",P1,E
787,Galvin Duffy,ucgim217@domain.edu,"Jun 17 2020, 11:07:40",P1,D
788,Sandra Greer,vmmfk001@domain.edu,"Jun 17 2020, 11:17:11",P2,B
789,Valentine Gallegos,euhev727@domain.edu,"Jun 17 2020, 11:17:38",P2,B
790,Naida Hull,kurar346@domain.edu,"Jun 17 2020, 11:18:48",P2,A
791,Willa Evans,iubpo814@domain.edu,"Jun 17 2020, 11:17:03",P2,A
792,Quail Hammond,bmcnp533@domain.edu,"Jun 17 2020, 11:18:59",P2,C
793,Dale Quinn,ybpdm069@domain.edu,"Jun 17 2020, 11:19:42",P2,E
794,Bertha Hudson,svcdt668@domain.edu,"Jun 17 2020, 11:17:15",P2,E
795,Gil Baird,fdjof790@domain.edu,"Jun 17 2020, 11:16:24",P2,C
796,Veda Hammond,ozvrl013@domain.edu,"Jun 17 2020, 11:18:42",P2,E
797,Laurel Brennan,nrecn133@domain.edu,"Jun 17 2020, 11:18:17",P2,E
798,Adrian Wyatt,tkhly303@domain.edu,"Jun 17 2020, 11:18:07",P2,A
799,Lionel Battle,brhzp819@domain.edu,"Jun 17 2020, 11:19:17",P2,C
800,Hammett Pacheco,bdgjg511@domain.edu,"Jun 17 2020, 11:17:22",P2,A
801,Ariana Pace,gcjwf257@domain.edu,"Jun 17 2020, 11:18:23",P2,E
802,Phelan Horn,pfkrv218@domain.edu,"Jun 17 2020, 11:18:25",P2,E
803,Shoshana Ortiz,irxed886@domain.edu,"Jun 17 2020, 11:19:34",P2,D
804,Ahmed Willis,jgqxz069@domain.edu,"Jun 17 2020, 11:18:19",P2,B
805,Candice Ware,tqtec429@domain.edu,"Jun 17 2020, 11:16:31",P2,E
806,Bell Good,efwbr296@domain.edu,"Jun 17 2020, 11:19:34",P2,C
807,Rhiannon Kaufman,Rhiannon.Kaufman@other.com,"Jun 17 2020, 11:19:56",P2,E
808,Lana Benson,xykow385@domain.edu,"Jun 17 2020, 11:16:26",P2,D
809,Dale Mcleod,zcnvp231@domain.edu,"Jun 17 2020, 11:16:54",P2,D
810,Molly Berger,viaaf832@domain.edu,"Jun 17 2020, 11:17:07",P2,E
811,Alden Ray,favfs371@domain.edu,"Jun 17 2020, 11:16:54",P2,E
812,Maryam Harding,maznd255@domain.edu,"Jun 17 2020, 11:19:48",P2,B
813,Malachi Hull,jpnbd768@domain.edu,"Jun 17 2020, 11:18:07",P2,C
814,Cullen Pickett,oelhu234@domain.edu,"Jun 17 2020, 11:18:34",P2,B
815,Selma Avery,cluii258@domain.edu,"Jun 17 2020, 11:17:39",P2,C
816,Gray King,fyuzb226@domain.edu,"Jun 17 2020, 11:16:54",P2,A
817,Brennan Hart,tixib157@domain.edu,"Jun 17 2020, 11:18:00",P2,B
818,Hadassah Rice,byaci407@domain.edu,"Jun 17 2020, 11:19:53",P2,D
819,Nicole Carrillo,vuird645@domain.edu,"Jun 17 2020, 11:18:04",P2,D
820,Lila Lamb,fwuhy431@domain.edu,"Jun 17 2020, 11:18:42",P2,E
821,Tanek Petersen,doubh223@domain.edu,"Jun 17 2020, 11:19:22",P2,B
822,Urielle Mcbride,qyljf464@domain.edu,"Jun 17 2020, 11:17:31",P2,D
823,Kitra Rivera,sedrn434@domain.edu,"Jun 17 2020, 11:17:49",P2,C
824,Chava Cotton,rjxvt227@domain.edu,"Jun 17 2020, 11:19:55",P2,A
825,Xenos Cardenas,sdtzr427@domain.edu,"Jun 17 2020, 11:16:32",P2,B
826,Ryder Ingram,Ryder.Ingram@other.com,"Jun 17 2020, 11:18:19",P2,B
827,Lynn George,nvdzj823@domain.edu,"Jun 17 2020, 11:16:02",P2,B
828,Whoopi Hayden,kbivm676@domain.edu,"Jun 17 2020, 11:17:37",P2,E
829,Debra Kirk,xtwdk444@domain.edu,"Jun 17 2020, 11:17:01",P2,C
830,Cailin Carson,trrbr654@domain.edu,"Jun 17 2020, 11:17:42",P2,A
831,Jarrod Peterson,jntka723@domain.edu,"Jun 17 2020, 11:19:32",P2,E
832,Martin Keith,gwlfi631@domain.edu,"Jun 17 2020, 11:17:56",P2,E
833,Guy Jackson,hthyq966@domain.edu,"Jun 17 2020, 11:19:07",P2,D
834,Leah Hurst,srycg488@domain.edu,"Jun 17 2020, 11:16:51",P2,B
835,Sharon Keller,gljfl985@domain.edu,"Jun 17 2020, 11:16:57",P2,B
836,Zelenia Ortega,rcgls778@domain.edu,"Jun 17 2020, 11:16:32",P2,D
837,Bevis Wright,ndult018@domain.edu,"Jun 17 2020, 11:18:48",P2,A
838,Amelia Whitfield,iyhvz364@domain.edu,"Jun 17 2020, 11:17:10",P2,B
839,Prescott Buckner,ntuxc828@domain.edu,"Jun 17 2020, 11:19:38",P2,E
840,Unity Pruitt,cccit268@domain.edu,"Jun 17 2020, 11:19:28",P2,E
841,Cheryl Sanford,fqokd973@domain.edu,"Jun 17 2020, 11:19:09",P2,A
842,Chester Sharp,yqpqs920@domain.edu,"Jun 17 2020, 11:16:51",P2,D
843,Kalia Norton,jjsgn180@domain.edu,"Jun 17 2020, 11:19:01",P2,A
844,Harper Whitaker,aghow116@domain.edu,"Jun 17 2020, 11:18:12",P2,A
845,Dorothy Aguilar,esjlf090@domain.edu,"Jun 17 2020, 11:18:22",P2,D
846,Igor Rios,cornh718@domain.edu,"Jun 17 2020, 11:16:31",P2,E
847,Chadwick Conway,jfnio420@domain.edu,"Jun 17 2020, 11:17:01",P2,C
848,Buffy Bruce,yspdy899@domain.edu,"Jun 17 2020, 11:19:05",P2,D
849,Madonna Snow,snbme031@domain.edu,"Jun 17 2020, 11:19:41",P2,D
850,Amir Mccray,arkys795@domain.edu,"Jun 17 2020, 11:16:10",P2,C
851,Grant Calhoun,qwmlj792@domain.edu,"Jun 17 2020, 11:19:01",P2,B
852,Zephania Henson,slxwv011@domain.edu,"Jun 17 2020, 11:19:11",P2,A
853,Geoffrey Hicks,ioxkj220@domain.edu,"Jun 17 2020, 11:18:03",P2,B
854,Blair Peterson,cvewm166@domain.edu,"Jun 17 2020, 11:19:05",P2,D
855,Ina Flores,kagmc103@domain.edu,"Jun 17 2020, 11:16:43",P2,B
856,Paul Jacobs,yzzkv299@domain.edu,"Jun 17 2020, 11:16:37",P2,B
857,Fallon Burt,jtvbc750@domain.edu,"Jun 17 2020, 11:18:20",P2,B
858,Tiger Blackwell,jglbs857@domain.edu,"Jun 17 2020, 11:16:15",P2,C
859,Naomi Jefferson,eeqan765@domain.edu,"Jun 17 2020, 11:17:19",P2,D
860,Farrah Berry,lnlru592@domain.edu,"Jun 17 2020, 11:17:32",P2,A
861,Colby Mueller,ascwu599@domain.edu,"Jun 17 2020, 11:18:34",P2,B
862,MacKensie Reeves,jjrej872@domain.edu,"Jun 17 2020, 11:16:22",P2,D
863,Anjolie Mullins,susta510@domain.edu,"Jun 17 2020, 11:18:59",P2,C
864,Hyatt Jackson,ihpyy603@domain.edu,"Jun 17 2020, 11:16:43",P2,B
865,Kristen Pickett,nnahv340@domain.edu,"Jun 17 2020, 11:18:49",P2,D
866,Channing Battle,yfuow387@domain.edu,"Jun 17 2020, 11:16:21",P2,A
867,Ashely Dotson,xuzhz736@domain.edu,"Jun 17 2020, 11:19:41",P2,D
868,Quinlan Slater,oflii853@domain.edu,"Jun 17 2020, 11:16:40",P2,A
869,Elton Dickson,hvlji311@domain.edu,"Jun 17 2020, 11:16:32",P2,D
870,Maile Dickson,Maile.Dickson@other.com,"Jun 17 2020, 11:19:02",P2,D
871,Reese Fitzpatrick,xsslq184@domain.edu,"Jun 17 2020, 11:18:55",P2,C
872,Cally Mcconnell,ialla582@domain.edu,"Jun 17 2020, 11:18:07",P2,A
873,Vivian Erickson,nzxvm995@domain.edu,"Jun 17 2020, 11:16:40",P2,D
874,Alden Nolan,iomdt167@domain.edu,"Jun 17 2020, 11:16:42",P2,E
875,Cedric Duke,Cedric.Duke@other.com,"Jun 17 2020, 11:19:54",P2,C
876,Jocelyn Jacobs,jcswl460@domain.edu,"Jun 17 2020, 11:16:08",P2,B
877,Imogene Moss,zjpgy913@domain.edu,"Jun 17 2020, 11:19:20",P2,C
878,Zeus Fleming,ojvcb253@domain.edu,"Jun 17 2020, 11:16:45",P2,C
879,Merritt Whitley,uxacm563@domain.edu,"Jun 17 2020, 11:16:54",P2,A
880,Sharon Finley,ogrrf764@domain.edu,"Jun 17 2020, 11:19:27",P2,B
881,Sawyer Beard,teeti436@domain.edu,"Jun 17 2020, 11:19:49",P2,E
882,Pascale Warren,mjoip200@domain.edu,"Jun 17 2020, 11:16:19",P2,D
883,Galvin Duffy,ucgim217@domain.edu,"Jun 17 2020, 11:18:25",P2,E
884,Sandra Greer,vmmfk001@domain.edu,"Jun 17 2020, 11:24:40",P3,D
885,Valentine Gallegos,euhev727@domain.edu,"Jun 17 2020, 11:24:59",P3,B
886,Naida Hull,kurar346@domain.edu,"Jun 17 2020, 11:23:11",P3,D
887,Willa Evans,iubpo814@domain.edu,"Jun 17 2020, 11:25:14",P3,C
888,Quail Hammond,bmcnp533@domain.edu,"Jun 17 2020, 11:25:33",P3,C
889,Dale Quinn,ybpdm069@domain.edu,"Jun 17 2020, 11:22:15",P3,E
890,Bertha Hudson,svcdt668@domain.edu,"Jun 17 2020, 11:22:09",P3,E
891,Gil Baird,fdjof790@domain.edu,"Jun 17 2020, 11:24:32",P3,C
892,Veda Hammond,ozvrl013@domain.edu,"Jun 17 2020, 11:22:47",P3,B
893,Laurel Brennan,nrecn133@domain.edu,"Jun 17 2020, 11:24:50",P3,C
894,Cassidy Montgomery,jqzxu603@domain.edu,"Jun 17 2020, 11:24:23",P3,E
895,Adrian Wyatt,tkhly303@domain.edu,"Jun 17 2020, 11:22:46",P3,A
896,Lionel Battle,brhzp819@domain.edu,"Jun 17 2020, 11:25:49",P3,C
897,Hammett Pacheco,bdgjg511@domain.edu,"Jun 17 2020, 11:24:00",P3,A
898,Ariana Pace,gcjwf257@domain.edu,"Jun 17 2020, 11:25:17",P3,A
899,Phelan Horn,pfkrv218@domain.edu,"Jun 17 2020, 11:25:04",P3,D
900,Ahmed Willis,jgqxz069@domain.edu,"Jun 17 2020, 11:23:44",P3,C
901,Candice Ware,tqtec429@domain.edu,"Jun 17 2020, 11:22:27",P3,E
902,Bell Good,efwbr296@domain.edu,"Jun 17 2020, 11:23:32",P3,E
903,Rhiannon Kaufman,Rhiannon.Kaufman@other.com,"Jun 17 2020, 11:23:21",P3,C
904,Lana Benson,xykow385@domain.edu,"Jun 17 2020, 11:23:16",P3,C
905,Dale Mcleod,zcnvp231@domain.edu,"Jun 17 2020, 11:23:47",P3,A
906,Molly Berger,viaaf832@domain.edu,"Jun 17 2020, 11:23:41",P3,A
907,Alden Ray,favfs371@domain.edu,"Jun 17 2020, 11:23:20",P3,A
908,Maryam Harding,maznd255@domain.edu,"Jun 17 2020, 11:24:25",P3,A
909,Cullen Pickett,oelhu234@domain.edu,"Jun 17 2020, 11:22:40",P3,C
910,Selma Avery,cluii258@domain.edu,"Jun 17 2020, 11:25:02",P3,B
911,Gray King,fyuzb226@domain.edu,"Jun 17 2020, 11:22:09",P3,A
912,Brennan Hart,tixib157@domain.edu,"Jun 17 2020, 11:25:07",P3,D
913,Hadassah Rice,byaci407@domain.edu,"Jun 17 2020, 11:24:14",P3,B
914,Nicole Carrillo,vuird645@domain.edu,"Jun 17 2020, 11:23:56",P3,B
915,Lila Lamb,fwuhy431@domain.edu,"Jun 17 2020, 11:24:29",P3,C
916,Tanek Petersen,doubh223@domain.edu,"Jun 17 2020, 11:22:38",P3,E
917,Urielle Mcbride,qyljf464@domain.edu,"Jun 17 2020, 11:24:19",P3,B
918,Kitra Rivera,sedrn434@domain.edu,"Jun 17 2020, 11:24:27",P3,B
919,Chava Cotton,rjxvt227@domain.edu,"Jun 17 2020, 11:23:29",P3,A
920,Xenos Cardenas,sdtzr427@domain.edu,"Jun 17 2020, 11:23:56",P3,C
921,Ryder Ingram,Ryder.Ingram@other.com,"Jun 17 2020, 11:24:28",P3,A
922,Lynn George,nvdzj823@domain.edu,"Jun 17 2020, 11:23:39",P3,B
923,Whoopi Hayden,kbivm676@domain.edu,"Jun 17 2020, 11:25:02",P3,D
924,Debra Kirk,xtwdk444@domain.edu,"Jun 17 2020, 11:22:07",P3,C
925,Cailin Carson,trrbr654@domain.edu,"Jun 17 2020, 11:24:02",P3,D
926,Jarrod Peterson,jntka723@domain.edu,"Jun 17 2020, 11:23:16",P3,D
927,Martin Keith,gwlfi631@domain.edu,"Jun 17 2020, 11:23:00",P3,C
928,Guy Jackson,hthyq966@domain.edu,"Jun 17 2020, 11:23:28",P3,D
929,Leah Hurst,srycg488@domain.edu,"Jun 17 2020, 11:22:36",P3,C
930,Sharon Keller,gljfl985@domain.edu,"Jun 17 2020, 11:23:36",P3,E
931,Zelenia Ortega,rcgls778@domain.edu,"Jun 17 2020, 11:24:56",P3,D
932,Bevis Wright,ndult018@domain.edu,"Jun 17 2020, 11:24:12",P3,B
933,Amelia Whitfield,iyhvz364@domain.edu,"Jun 17 2020, 11:25:57",P3,E
934,Prescott Buckner,ntuxc828@domain.edu,"Jun 17 2020, 11:24:10",P3,D
935,Unity Pruitt,cccit268@domain.edu,"Jun 17 2020, 11:25:03",P3,D
936,Cheryl Sanford,fqokd973@domain.edu,"Jun 17 2020, 11:24:15",P3,C
937,Chester Sharp,yqpqs920@domain.edu,"Jun 17 2020, 11:25:18",P3,A
938,Harper Whitaker,aghow116@domain.edu,"Jun 17 2020, 11:23:56",P3,E
939,Stacy Estes,zqnno714@domain.edu,"Jun 17 2020, 11:23:09",P3,E
940,Dorothy Aguilar,esjlf090@domain.edu,"Jun 17 2020, 11:25:20",P3,C
941,Igor Rios,cornh718@domain.edu,"Jun 17 2020, 11:22:41",P3,A
942,Chadwick Conway,jfnio420@domain.edu,"Jun 17 2020, 11:23:46",P3,D
943,Buffy Bruce,yspdy899@domain.edu,"Jun 17 2020, 11:23:14",P3,E
944,Madonna Snow,snbme031@domain.edu,"Jun 17 2020, 11:24:09",P3,B
945,Amir Mccray,arkys795@domain.edu,"Jun 17 2020, 11:25:56",P3,E
946,Grant Calhoun,qwmlj792@domain.edu,"Jun 17 2020, 11:22:17",P3,E
947,Zephania Henson,slxwv011@domain.edu,"Jun 17 2020, 11:23:18",P3,E
948,Geoffrey Hicks,ioxkj220@domain.edu,"Jun 17 2020, 11:23:21",P3,C
949,Blair Peterson,cvewm166@domain.edu,"Jun 17 2020, 11:23:43",P3,C
950,Ina Flores,kagmc103@domain.edu,"Jun 17 2020, 11:23:23",P3,C
951,Paul Jacobs,yzzkv299@domain.edu,"Jun 17 2020, 11:24:29",P3,D
952,Fallon Burt,jtvbc750@domain.edu,"Jun 17 2020, 11:22:08",P3,D
953,Chaney Blair,blrzm467@domain.edu,"Jun 17 2020, 11:23:29",P3,B
954,Tiger Blackwell,jglbs857@domain.edu,"Jun 17 2020, 11:23:49",P3,D
955,Naomi Jefferson,eeqan765@domain.edu,"Jun 17 2020, 11:22:15",P3,A
956,Farrah Berry,lnlru592@domain.edu,"Jun 17 2020, 11:24:24",P3,C
957,Colby Mueller,ascwu599@domain.edu,"Jun 17 2020, 11:23:11",P3,C
958,MacKensie Reeves,jjrej872@domain.edu,"Jun 17 2020, 11:22:17",P3,E
959,Anjolie Mullins,susta510@domain.edu,"Jun 17 2020, 11:22:35",P3,B
960,Hyatt Jackson,ihpyy603@domain.edu,"Jun 17 2020, 11:23:20",P3,E
961,Kristen Pickett,nnahv340@domain.edu,"Jun 17 2020, 11:23:22",P3,C
962,Channing Battle,yfuow387@domain.edu,"Jun 17 2020, 11:25:36",P3,B
963,Ashely Dotson,xuzhz736@domain.edu,"Jun 17 2020, 11:22:45",P3,E
964,Quinlan Slater,oflii853@domain.edu,"Jun 17 2020, 11:24:42",P3,B
965,Elton Dickson,hvlji311@domain.edu,"Jun 17 2020, 11:22:02",P3,C
966,Maile Dickson,Maile.Dickson@other.com,"Jun 17 2020, 11:22:16",P3,B
967,Reese Fitzpatrick,xsslq184@domain.edu,"Jun 17 2020, 11:23:53",P3,B
968,Cally Mcconnell,ialla582@domain.edu,"Jun 17 2020, 11:22:37",P3,E
969,Vivian Erickson,nzxvm995@domain.edu,"Jun 17 2020, 11:24:54",P3,B
970,Alden Nolan,iomdt167@domain.edu,"Jun 17 2020, 11:23:34",P3,D
971,Cedric Duke,Cedric.Duke@other.com,"Jun 17 2020, 11:24:22",P3,A
972,Jocelyn Jacobs,jcswl460@domain.edu,"Jun 17 2020, 11:25:51",P3,D
973,Emmanuel Armstrong,rsvhr314@domain.edu,"Jun 17 2020, 11:25:51",P3,D
974,Imogene Moss,zjpgy913@domain.edu,"Jun 17 2020, 11:24:51",P3,C
975,Zeus Fleming,ojvcb253@domain.edu,"Jun 17 2020, 11:22:33",P3,C
976,Merritt Whitley,uxacm563@domain.edu,"Jun 17 2020, 11:23:19",P3,E
977,Sharon Finley,ogrrf764@domain.edu,"Jun 17 2020, 11:24:04",P3,A
978,Sawyer Beard,teeti436@domain.edu,"Jun 17 2020, 11:24:48",P3,B
979,Pascale Warren,mjoip200@domain.edu,"Jun 17 2020, 11:22:41",P3,A
980,Galvin Duffy,ucgim217@domain.edu,"Jun 17 2020, 11:22:37",P3,E
981,Sandra Greer,vmmfk001@domain.edu,"Jun 17 2020, 11:34:18",P4,E
982,Valentine Gallegos,euhev727@domain.edu,"Jun 17 2020, 11:36:59",P4,C
983,Naida Hull,kurar346@domain.edu,"Jun 17 2020, 11:36:06",P4,A
984,Willa Evans,iubpo814@domain.edu,"Jun 17 2020, 11:35:31",P4,A
985,Quail Hammond,bmcnp533@domain.edu,"Jun 17 2020, 11:35:47",P4,B
986,Dale Quinn,ybpdm069@domain.edu,"Jun 17 2020, 11:36:50",P4,A
987,Bertha Hudson,svcdt668@domain.edu,"Jun 17 2020, 11:33:38",P4,E
988,Gil Baird,fdjof790@domain.edu,"Jun 17 2020, 11:34:49",P4,A
989,Veda Hammond,ozvrl013@domain.edu,"Jun 17 2020, 11:35:31",P4,A
990,Laurel Brennan,nrecn133@domain.edu,"Jun 17 2020, 11:34:45",P4,E
991,Cassidy Montgomery,jqzxu603@domain.edu,"Jun 17 2020, 11:34:26",P4,A
992,Adrian Wyatt,tkhly303@domain.edu,"Jun 17 2020, 11:35:55",P4,B
993,Lionel Battle,brhzp819@domain.edu,"Jun 17 2020, 11:36:20",P4,C
994,Hammett Pacheco,bdgjg511@domain.edu,"Jun 17 2020, 11:36:30",P4,A
995,Ariana Pace,gcjwf257@domain.edu,"Jun 17 2020, 11:33:43",P4,E
996,Phelan Horn,pfkrv218@domain.edu,"Jun 17 2020, 11:34:15",P4,E
997,Shoshana Ortiz,irxed886@domain.edu,"Jun 17 2020, 11:36:20",P4,A
998,Ahmed Willis,jgqxz069@domain.edu,"Jun 17 2020, 11:33:55",P4,B
999,Candice Ware,tqtec429@domain.edu,"Jun 17 2020, 11:33:47",P4,E
1000,Bell Good,efwbr296@domain.edu,"Jun 17 2020, 11:35:11",P4,A
1001,Rhiannon Kaufman,Rhiannon.Kaufman@other.com,"Jun 17 2020, 11:34:43",P4,B
1002,Lana Benson,xykow385@domain.edu,"Jun 17 2020, 11:34:36",P4,D
1003,Dale Mcleod,zcnvp231@domain.edu,"Jun 17 2020, 11:33:52",P4,A
1004,Molly Berger,viaaf832@domain.edu,"Jun 17 2020, 11:36:04",P4,E
1005,Alden Ray,favfs371@domain.edu,"Jun 17 2020, 11:34:23",P4,A
1006,Maryam Harding,maznd255@domain.edu,"Jun 17 2020, 11:36:47",P4,C
1007,Malachi Hull,jpnbd768@domain.edu,"Jun 17 2020, 11:34:09",P4,E
1008,Cullen Pickett,oelhu234@domain.edu,"Jun 17 2020, 11:36:46",P4,A
1009,Selma Avery,cluii258@domain.edu,"Jun 17 2020, 11:35:39",P4,D
1010,Gray King,fyuzb226@domain.edu,"Jun 17 2020, 11:34:12",P4,E
1011,Brennan Hart,tixib157@domain.edu,"Jun 17 2020, 11:35:32",P4,B
1012,Hadassah Rice,byaci407@domain.edu,"Jun 17 2020, 11:33:38",P4,D
1013,Nicole Carrillo,vuird645@domain.edu,"Jun 17 2020, 11:33:41",P4,B
1014,Lila Lamb,fwuhy431@domain.edu,"Jun 17 2020, 11:35:08",P4,E
1015,Tanek Petersen,doubh223@domain.edu,"Jun 17 2020, 11:33:27",P4,A
1016,Urielle Mcbride,qyljf464@domain.edu,"Jun 17 2020, 11:33:06",P4,D
1017,Kitra Rivera,sedrn434@domain.edu,"Jun 17 2020, 11:34:27",P4,A
1018,Chava Cotton,rjxvt227@domain.edu,"Jun 17 2020, 11:35:31",P4,E
1019,Xenos Cardenas,sdtzr427@domain.edu,"Jun 17 2020, 11:34:09",P4,A
1020,Ryder Ingram,Ryder.Ingram@other.com,"Jun 17 2020, 11:34:14",P4,D
1021,Lynn George,nvdzj823@domain.edu,"Jun 17 2020, 11:36:31",P4,A
1022,Whoopi Hayden,kbivm676@domain.edu,"Jun 17 2020, 11:33:25",P4,D
1023,Debra Kirk,xtwdk444@domain.edu,"Jun 17 2020, 11:33:39",P4,D
1024,Cailin Carson,trrbr654@domain.edu,"Jun 17 2020, 11:35:07",P4,E
1025,Jarrod Peterson,jntka723@domain.edu,"Jun 17 2020, 11:36:20",P4,A
1026,Martin Keith,gwlfi631@domain.edu,"Jun 17 2020, 11:36:34",P4,C
1027,Guy Jackson,hthyq966@domain.edu,"Jun 17 2020, 11:34:31",P4,D
1028,Leah Hurst,srycg488@domain.edu,"Jun 17 2020, 11:34:39",P4,D
1029,Sharon Keller,gljfl985@domain.edu,"Jun 17 2020, 11:34:30",P4,D
1030,Zelenia Ortega,rcgls778@domain.edu,"Jun 17 2020, 11:33:05",P4,E
1031,Bevis Wright,ndult018@domain.edu,"Jun 17 2020, 11:36:39",P4,C
1032,Amelia Whitfield,iyhvz364@domain.edu,"Jun 17 2020, 11:35:10",P4,E
1033,Prescott Buckner,ntuxc828@domain.edu,"Jun 17 2020, 11:35:39",P4,D
1034,Unity Pruitt,cccit268@domain.edu,"Jun 17 2020, 11:34:06",P4,E
1035,Cheryl Sanford,fqokd973@domain.edu,"Jun 17 2020, 11:34:17",P4,B
1036,Chester Sharp,yqpqs920@domain.edu,"Jun 17 2020, 11:36:09",P4,C
1037,Kalia Norton,jjsgn180@domain.edu,"Jun 17 2020, 11:36:42",P4,E
1038,Harper Whitaker,aghow116@domain.edu,"Jun 17 2020, 11:36:36",P4,A
1039,Stacy Estes,zqnno714@domain.edu,"Jun 17 2020, 11:35:43",P4,A
1040,Dorothy Aguilar,esjlf090@domain.edu,"Jun 17 2020, 11:34:13",P4,A
1041,Igor Rios,cornh718@domain.edu,"Jun 17 2020, 11:33:45",P4,E
1042,Chadwick Conway,jfnio420@domain.edu,"Jun 17 2020, 11:35:10",P4,E
1043,Buffy Bruce,yspdy899@domain.edu,"Jun 17 2020, 11:34:42",P4,E
1044,Madonna Snow,snbme031@domain.edu,"Jun 17 2020, 11:33:32",P4,E
1045,Amir Mccray,arkys795@domain.edu,"Jun 17 2020, 11:34:20",P4,D
1046,Grant Calhoun,qwmlj792@domain.edu,"Jun 17 2020, 11:36:52",P4,C
1047,Zephania Henson,slxwv011@domain.edu,"Jun 17 2020, 11:34:24",P4,B
1048,Geoffrey Hicks,ioxkj220@domain.edu,"Jun 17 2020, 11:35:52",P4,D
1049,Blair Peterson,cvewm166@domain.edu,"Jun 17 2020, 11:36:00",P4,E
1050,Ina Flores,kagmc103@domain.edu,"Jun 17 2020, 11:33:24",P4,E
1051,Paul Jacobs,yzzkv299@domain.edu,"Jun 17 2020, 11:33:46",P4,C
1052,Fallon Burt,jtvbc750@domain.edu,"Jun 17 2020, 11:33:50",P4,E
1053,Chaney Blair,blrzm467@domain.edu,"Jun 17 2020, 11:35:56",P4,C
1054,Tiger Blackwell,jglbs857@domain.edu,"Jun 17 2020, 11:36:25",P4,C
1055,Naomi Jefferson,eeqan765@domain.edu,"Jun 17 2020, 11:33:21",P4,E
1056,Farrah Berry,lnlru592@domain.edu,"Jun 17 2020, 11:34:27",P4,D
1057,Colby Mueller,ascwu599@domain.edu,"Jun 17 2020, 11:33:42",P4,A
1058,MacKensie Reeves,jjrej872@domain.edu,"Jun 17 2020, 11:33:33",P4,A
1059,Anjolie Mullins,susta510@domain.edu,"Jun 17 2020, 11:36:02",P4,C
1060,Hyatt Jackson,ihpyy603@domain.edu,"Jun 17 2020, 11:36:00",P4,D
1061,Kristen Pickett,nnahv340@domain.edu,"Jun 17 2020, 11:34:33",P4,A
1062,Channing Battle,yfuow387@domain.edu,"Jun 17 2020, 11:34:46",P4,D
1063,Ashely Dotson,xuzhz736@domain.edu,"Jun 17 2020, 11:34:05",P4,C
1064,Quinlan Slater,oflii853@domain.edu,"Jun 17 2020, 11:34:30",P4,D
1065,Elton Dickson,hvlji311@domain.edu,"Jun 17 2020, 11:34:57",P4,D
1066,Maile Dickson,Maile.Dickson@other.com,"Jun 17 2020, 11:33:32",P4,A
1067,Reese Fitzpatrick,xsslq184@domain.edu,"Jun 17 2020, 11:35:16",P4,B
1068,Cally Mcconnell,ialla582@domain.edu,"Jun 17 2020, 11:34:06",P4,D
1069,Vivian Erickson,nzxvm995@domain.edu,"Jun 17 2020, 11:34:35",P4,A
1070,Alden Nolan,iomdt167@domain.edu,"Jun 17 2020, 11:36:02",P4,B
1071,Cedric Duke,Cedric.Duke@other.com,"Jun 17 2020, 11:35:09",P4,A
1072,Jocelyn Jacobs,jcswl460@domain.edu,"Jun 17 2020, 11:35:29",P4,E
1073,Emmanuel Armstrong,rsvhr314@domain.edu,"Jun 17 2020, 11:35:15",P4,A
1074,Zeus Fleming,ojvcb253@domain.edu,"Jun 17 2020, 11:33:42",P4,C
1075,Merritt Whitley,uxacm563@domain.edu,"Jun 17 2020, 11:35:39",P4,B
1076,Sharon Finley,ogrrf764@domain.edu,"Jun 17 2020, 11:35:42",P4,A
1077,Sawyer Beard,teeti436@domain.edu,"Jun 17 2020, 11:36:02",P4,E
1078,Pascale Warren,mjoip200@domain.edu,"Jun 17 2020, 11:35:57",P4,D
1079,Galvin Duffy,ucgim217@domain.edu,"Jun 17 2020, 11:36:44",P4,D
1080,Sandra Greer,vmmfk001@domain.edu,"Jun 17 2020, 11:41:07",P5,C
1081,Valentine Gallegos,euhev727@domain.edu,"Jun 17 2020, 11:41:28",P5,E
1082,Naida Hull,kurar346@domain.edu,"Jun 17 2020, 11:40:31",P5,E
1083,Willa Evans,iubpo814@domain.edu,"Jun 17 2020, 11:39:19",P5,A
1084,Quail Hammond,bmcnp533@domain.edu,"Jun 17 2020, 11:40:00",P5,C
1085,Dale Quinn,ybpdm069@domain.edu,"Jun 17 2020, 11:41:53",P5,A
1086,Bertha Hudson,svcdt668@domain.edu,"Jun 17 2020, 11:40:56",P5,E
1087,Gil Baird,fdjof790@domain.edu,"Jun 17 2020, 11:38:28",P5,D
1088,Veda Hammond,ozvrl013@domain.edu,"Jun 17 2020, 11:41:24",P5,C
1089,Laurel Brennan,nrecn133@domain.edu,"Jun 17 2020, 11:41:38",P5,D
1090,Cassidy Montgomery,jqzxu603@domain.edu,"Jun 17 2020, 11:41:43",P5,B
1091,Adrian Wyatt,tkhly303@domain.edu,"Jun 17 2020, 11:40:08",P5,D
1092,Lionel Battle,brhzp819@domain.edu,"Jun 17 2020, 11:39:06",P5,D
1093,Hammett Pacheco,bdgjg511@domain.edu,"Jun 17 2020, 11:41:59",P5,D
1094,Ariana Pace,gcjwf257@domain.edu,"Jun 17 2020, 11:39:25",P5,D
1095,Phelan Horn,pfkrv218@domain.edu,"Jun 17 2020, 11:40:30",P5,C
1096,Shoshana Ortiz,irxed886@domain.edu,"Jun 17 2020, 11:40:05",P5,D
1097,Ahmed Willis,jgqxz069@domain.edu,"Jun 17 2020, 11:38:09",P5,D
1098,Candice Ware,tqtec429@domain.edu,"Jun 17 2020, 11:40:47",P5,A
1099,Bell Good,efwbr296@domain.edu,"Jun 17 2020, 11:39:10",P5,B
1100,Rhiannon Kaufman,Rhiannon.Kaufman@other.com,"Jun 17 2020, 11:39:42",P5,E
1101,Lana Benson,xykow385@domain.edu,"Jun 17 2020, 11:41:10",P5,C
1102,Dale Mcleod,zcnvp231@domain.edu,"Jun 17 2020, 11:41:15",P5,B
1103,Molly Berger,viaaf832@domain.edu,"Jun 17 2020, 11:38:42",P5,A
1104,Alden Ray,favfs371@domain.edu,"Jun 17 2020, 11:40:49",P5,E
1105,Maryam Harding,maznd255@domain.edu,"Jun 17 2020, 11:40:52",P5,D
1106,Malachi Hull,jpnbd768@domain.edu,"Jun 17 2020, 11:38:10",P5,B
1107,Cullen Pickett,oelhu234@domain.edu,"Jun 17 2020, 11:38:43",P5,C
1108,Selma Avery,cluii258@domain.edu,"Jun 17 2020, 11:39:58",P5,D
1109,Gray King,fyuzb226@domain.edu,"Jun 17 2020, 11:41:18",P5,C
1110,Brennan Hart,tixib157@domain.edu,"Jun 17 2020, 11:39:44",P5,E
1111,Hadassah Rice,byaci407@domain.edu,"Jun 17 2020, 11:41:37",P5,E
1112,Nicole Carrillo,vuird645@domain.edu,"Jun 17 2020, 11:40:05",P5,B
1113,Lila Lamb,fwuhy431@domain.edu,"Jun 17 2020, 11:41:30",P5,D
1114,Tanek Petersen,doubh223@domain.edu,"Jun 17 2020, 11:38:33",P5,A
1115,Urielle Mcbride,qyljf464@domain.edu,"Jun 17 2020, 11:40:41",P5,C
1116,Kitra Rivera,sedrn434@domain.edu,"Jun 17 2020, 11:41:24",P5,D
1117,Chava Cotton,rjxvt227@domain.edu,"Jun 17 2020, 11:40:07",P5,E
1118,Xenos Cardenas,sdtzr427@domain.edu,"Jun 17 2020, 11:40:09",P5,A
1119,Ryder Ingram,Ryder.Ingram@other.com,"Jun 17 2020, 11:40:03",P5,A
1120,Lynn George,nvdzj823@domain.edu,"Jun 17 2020, 11:38:46",P5,D
1121,Whoopi Hayden,kbivm676@domain.edu,"Jun 17 2020, 11:40:09",P5,B
1122,Debra Kirk,xtwdk444@domain.edu,"Jun 17 2020, 11:38:19",P5,B
1123,Jarrod Peterson,jntka723@domain.edu,"Jun 17 2020, 11:40:00",P5,B
1124,Martin Keith,gwlfi631@domain.edu,"Jun 17 2020, 11:39:44",P5,E
1125,Guy Jackson,hthyq966@domain.edu,"Jun 17 2020, 11:41:06",P5,D
1126,Leah Hurst,srycg488@domain.edu,"Jun 17 2020, 11:38:42",P5,B
1127,Sharon Keller,gljfl985@domain.edu,"Jun 17 2020, 11:39:49",P5,A
1128,Zelenia Ortega,rcgls778@domain.edu,"Jun 17 2020, 11:40:06",P5,B
1129,Bevis Wright,ndult018@domain.edu,"Jun 17 2020, 11:38:13",P5,C
1130,Amelia Whitfield,iyhvz364@domain.edu,"Jun 17 2020, 11:40:08",P5,A
1131,Prescott Buckner,ntuxc828@domain.edu,"Jun 17 2020, 11:41:53",P5,B
1132,Unity Pruitt,cccit268@domain.edu,"Jun 17 2020, 11:39:37",P5,D
1133,Cheryl Sanford,fqokd973@domain.edu,"Jun 17 2020, 11:39:57",P5,A
1134,Chester Sharp,yqpqs920@domain.edu,"Jun 17 2020, 11:41:34",P5,A
1135,Kalia Norton,jjsgn180@domain.edu,"Jun 17 2020, 11:38:45",P5,B
1136,Harper Whitaker,aghow116@domain.edu,"Jun 17 2020, 11:41:17",P5,C
1137,Dorothy Aguilar,esjlf090@domain.edu,"Jun 17 2020, 11:39:55",P5,E
1138,Igor Rios,cornh718@domain.edu,"Jun 17 2020, 11:40:14",P5,A
1139,Chadwick Conway,jfnio420@domain.edu,"Jun 17 2020, 11:40:23",P5,C
1140,Buffy Bruce,yspdy899@domain.edu,"Jun 17 2020, 11:39:33",P5,C
1141,Madonna Snow,snbme031@domain.edu,"Jun 17 2020, 11:39:29",P5,D
1142,Amir Mccray,arkys795@domain.edu,"Jun 17 2020, 11:41:34",P5,B
1143,Grant Calhoun,qwmlj792@domain.edu,"Jun 17 2020, 11:41:07",P5,B
1144,Zephania Henson,slxwv011@domain.edu,"Jun 17 2020, 11:40:16",P5,D
1145,Geoffrey Hicks,ioxkj220@domain.edu,"Jun 17 2020, 11:40:53",P5,A
1146,Blair Peterson,cvewm166@domain.edu,"Jun 17 2020, 11:39:35",P5,E
1147,Ina Flores,kagmc103@domain.edu,"Jun 17 2020, 11:40:29",P5,D
1148,Paul Jacobs,yzzkv299@domain.edu,"Jun 17 2020, 11:39:08",P5,A
1149,Fallon Burt,jtvbc750@domain.edu,"Jun 17 2020, 11:39:05",P5,A
1150,Chaney Blair,blrzm467@domain.edu,"Jun 17 2020, 11:38:01",P5,B
1151,Tiger Blackwell,jglbs857@domain.edu,"Jun 17 2020, 11:39:03",P5,B
1152,Naomi Jefferson,eeqan765@domain.edu,"Jun 17 2020, 11:40:27",P5,B
1153,Farrah Berry,lnlru592@domain.edu,"Jun 17 2020, 11:38:27",P5,A
1154,Colby Mueller,ascwu599@domain.edu,"Jun 17 2020, 11:40:49",P5,E
1155,MacKensie Reeves,jjrej872@domain.edu,"Jun 17 2020, 11:38:01",P5,E
1156,Anjolie Mullins,susta510@domain.edu,"Jun 17 2020, 11:39:25",P5,E
1157,Hyatt Jackson,ihpyy603@domain.edu,"Jun 17 2020, 11:38:31",P5,E
1158,Kristen Pickett,nnahv340@domain.edu,"Jun 17 2020, 11:40:22",P5,B
1159,Channing Battle,yfuow387@domain.edu,"Jun 17 2020, 11:41:24",P5,D
1160,Ashely Dotson,xuzhz736@domain.edu,"Jun 17 2020, 11:38:14",P5,A
1161,Quinlan Slater,oflii853@domain.edu,"Jun 17 2020, 11:39:25",P5,A
1162,Elton Dickson,hvlji311@domain.edu,"Jun 17 2020, 11:39:02",P5,C
1163,Maile Dickson,Maile.Dickson@other.com,"Jun 17 2020, 11:39:13",P5,C
1164,Cally Mcconnell,ialla582@domain.edu,"Jun 17 2020, 11:40:33",P5,E
1165,Vivian Erickson,nzxvm995@domain.edu,"Jun 17 2020, 11:41:10",P5,C
1166,Alden Nolan,iomdt167@domain.edu,"Jun 17 2020, 11:39:26",P5,B
1167,Cedric Duke,Cedric.Duke@other.com,"Jun 17 2020, 11:40:39",P5,E
1168,Jocelyn Jacobs,jcswl460@domain.edu,"Jun 17 2020, 11:41:16",P5,B
1169,Emmanuel Armstrong,rsvhr314@domain.edu,"Jun 17 2020, 11:39:54",P5,E
1170,Imogene Moss,zjpgy913@domain.edu,"Jun 17 2020, 11:39:36",P5,E
1171,Zeus Fleming,ojvcb253@domain.edu,"Jun 17 2020, 11:40:33",P5,D
1172,Merritt Whitley,uxacm563@domain.edu,"Jun 17 2020, 11:41:56",P5,A
1173,Sharon Finley,ogrrf764@domain.edu,"Jun 17 2020, 11:40:57",P5,B
1174,Sawyer Beard,teeti436@domain.edu,"Jun 17 2020, 11:40:08",P5,B
1175,Pascale Warren,mjoip200@domain.edu,"Jun 17 2020, 11:41:41",P5,D
1176,Galvin Duffy,ucgim217@domain.edu,"Jun 17 2020, 11:40:21",P5,A
